{"type": "FeatureCollection", "features": [{"type": "Feature", "properties": {"TOWNSN": "10009004", "TOWNID": "1000913", "COUNTYNAME": "雲林縣", "TOWNNAME": "麥寮鄉", "FULLNAME": "雲林縣麥寮鄉", "name": "麥寮鄉", "centroid": [120.2448, 23.7875]}, "geometry": {"type": "Polygon", "coordinates": [[[120.242264, 23.842362], [120.255204, 23.834125], [120.302138, 23.821769], [120.301919, 23.806325], [120.293365, 23.792734], [120.294681, 23.780173], [120.305866, 23.776466], [120.306963, 23.763081], [120.299068, 23.740841], [120.289417, 23.741459], [120.263976, 23.733634], [120.242703, 23.744342], [120.239193, 23.751343], [120.215946, 23.763081], [120.198181, 23.756697], [120.170985, 23.758345], [120.170985, 23.772348], [120.181951, 23.798706], [120.172959, 23.800353], [120.199716, 23.823211], [120.212875, 23.822799], [120.22757, 23.846686], [120.242264, 23.842362]]]}}, {"type": "Feature", "properties": {"TOWNSN": "10009005", "TOWNID": "1000911", "COUNTYNAME": "雲林縣", "TOWNNAME": "二崙鄉", "FULLNAME": "雲林縣二崙鄉", "name": "二崙鄉", "centroid": [120.3985, 23.7914]}, "geometry": {"type": "Polygon", "coordinates": [[[120.350608, 23.822181], [120.375171, 23.828565], [120.409604, 23.8263], [120.433072, 23.830212], [120.447327, 23.82074], [120.43044, 23.81415], [120.429343, 23.786145], [120.422325, 23.778113], [120.433072, 23.767405], [120.427369, 23.749078], [120.417281, 23.744136], [120.387453, 23.745989], [120.389646, 23.763493], [120.357626, 23.773377], [120.36267, 23.789027], [120.351046, 23.79191], [120.350608, 23.822181]]]}}, {"type": "Feature", "properties": {"TOWNSN": "10009006", "TOWNID": "1000912", "COUNTYNAME": "雲林縣", "TOWNNAME": "崙背鄉", "FULLNAME": "雲林縣崙背鄉", "name": "崙背鄉", "centroid": [120.3321, 23.7802]}, "geometry": {"type": "Polygon", "coordinates": [[[120.302138, 23.821769], [120.316394, 23.819916], [120.350608, 23.822181], [120.351046, 23.79191], [120.36267, 23.789027], [120.357626, 23.773377], [120.389646, 23.763493], [120.387453, 23.745989], [120.375171, 23.746401], [120.350827, 23.742694], [120.329772, 23.745371], [120.299068, 23.740841], [120.306963, 23.763081], [120.305866, 23.776466], [120.294681, 23.780173], [120.293365, 23.792734], [120.301919, 23.806325], [120.302138, 23.821769]]]}}, {"type": "Feature", "properties": {"TOWNSN": "10009007", "TOWNID": "1000904", "COUNTYNAME": "雲林縣", "TOWNNAME": "西螺鎮", "FULLNAME": "雲林縣西螺鎮", "name": "西螺鎮", "centroid": [120.4548, 23.7781]}, "geometry": {"type": "Polygon", "coordinates": [[[120.447327, 23.82074], [120.455442, 23.816621], [120.483076, 23.806531], [120.513342, 23.799941], [120.501938, 23.783468], [120.477155, 23.780585], [120.481102, 23.771524], [120.480664, 23.744548], [120.456539, 23.743106], [120.457197, 23.738164], [120.425395, 23.740017], [120.417281, 23.744136], [120.427369, 23.749078], [120.433072, 23.767405], [120.422325, 23.778113], [120.429343, 23.786145], [120.43044, 23.81415], [120.447327, 23.82074]]]}}, {"type": "Feature", "properties": {"TOWNSN": "10009008", "TOWNID": "1000909", "COUNTYNAME": "雲林縣", "TOWNNAME": "莿桐鄉", "FULLNAME": "雲林縣莿桐鄉", "name": "莿桐鄉", "centroid": [120.5329, 23.7724]}, "geometry": {"type": "Polygon", "coordinates": [[[120.513342, 23.799941], [120.550846, 23.801177], [120.583744, 23.793352], [120.593832, 23.791087], [120.585937, 23.779143], [120.571023, 23.768229], [120.570804, 23.759786], [120.536809, 23.746607], [120.53023, 23.737546], [120.503254, 23.729309], [120.480664, 23.744548], [120.481102, 23.771524], [120.477155, 23.780585], [120.501938, 23.783468], [120.513342, 23.799941]]]}}, {"type": "Feature", "properties": {"TOWNSN": "10009009", "TOWNID": "1000910", "COUNTYNAME": "雲林縣", "TOWNNAME": "林內鄉", "FULLNAME": "雲林縣林內鄉", "name": "林內鄉", "centroid": [120.6122, 23.7583]}, "geometry": {"type": "Polygon", "coordinates": [[[120.593832, 23.791087], [120.615106, 23.791293], [120.640328, 23.785939], [120.6559, 23.753814], [120.6559, 23.735487], [120.640328, 23.730957], [120.639012, 23.71057], [120.621905, 23.716542], [120.574971, 23.743518], [120.570804, 23.759786], [120.571023, 23.768229], [120.585937, 23.779143], [120.593832, 23.791087]]]}}, {"type": "Feature", "properties": {"TOWNSN": "10009013", "TOWNID": "1000915", "COUNTYNAME": "雲林縣", "TOWNNAME": "褒忠鄉", "FULLNAME": "雲林縣褒忠鄉", "name": "褒忠鄉", "centroid": [120.3146, 23.7167]}, "geometry": {"type": "Polygon", "coordinates": [[[120.299068, 23.740841], [120.329772, 23.745371], [120.338106, 23.738164], [120.352143, 23.737135], [120.342931, 23.709952], [120.33701, 23.71057], [120.334817, 23.69389], [120.31442, 23.691625], [120.306524, 23.6838], [120.30477, 23.687301], [120.269021, 23.693067], [120.287005, 23.719425], [120.289417, 23.741459], [120.299068, 23.740841]]]}}, {"type": "Feature", "properties": {"TOWNSN": "10009014", "TOWNID": "1000916", "COUNTYNAME": "雲林縣", "TOWNNAME": "台西鄉", "FULLNAME": "雲林縣台西鄉", "name": "台西鄉", "centroid": [120.2083, 23.7153]}, "geometry": {"type": "Polygon", "coordinates": [[[120.198181, 23.756697], [120.215946, 23.763081], [120.239193, 23.751343], [120.242703, 23.744342], [120.240071, 23.719013], [120.224938, 23.702127], [120.233491, 23.696156], [120.228447, 23.678858], [120.221648, 23.67927], [120.218358, 23.658059], [120.191382, 23.669179], [120.177784, 23.684418], [120.186118, 23.699862], [120.169669, 23.707687], [120.173617, 23.736105], [120.181732, 23.756697], [120.198181, 23.756697]]]}}, {"type": "Feature", "properties": {"TOWNSN": "10009015", "TOWNID": "1000903", "COUNTYNAME": "雲林縣", "TOWNNAME": "虎尾鎮", "FULLNAME": "雲林縣虎尾鎮", "name": "虎尾鎮", "centroid": [120.4232, 23.7163]}, "geometry": {"type": "Polygon", "coordinates": [[[120.375171, 23.746401], [120.387453, 23.745989], [120.417281, 23.744136], [120.425395, 23.740017], [120.457197, 23.738164], [120.456539, 23.743106], [120.480664, 23.744548], [120.503254, 23.729309], [120.498209, 23.724779], [120.483076, 23.721278], [120.482857, 23.708717], [120.463557, 23.699244], [120.45303, 23.687301], [120.423202, 23.689978], [120.416842, 23.679476], [120.407411, 23.668562], [120.403902, 23.680711], [120.392717, 23.6838], [120.399735, 23.696361], [120.374952, 23.696567], [120.37868, 23.713453], [120.369908, 23.713865], [120.370785, 23.730545], [120.38197, 23.735693], [120.375171, 23.746401]]]}}, {"type": "Feature", "properties": {"TOWNSN": "10009016", "TOWNID": "1000901", "COUNTYNAME": "雲林縣", "TOWNNAME": "斗六市", "FULLNAME": "雲林縣斗六市", "name": "斗六市", "centroid": [120.5622, 23.7024]}, "geometry": {"type": "Polygon", "coordinates": [[[120.503254, 23.729309], [120.53023, 23.737546], [120.536809, 23.746607], [120.570804, 23.759786], [120.574971, 23.743518], [120.621905, 23.716542], [120.639012, 23.71057], [120.648004, 23.683182], [120.644495, 23.66815], [120.638574, 23.669591], [120.618396, 23.695744], [120.577383, 23.694714], [120.560496, 23.689154], [120.559838, 23.671239], [120.538783, 23.674328], [120.536371, 23.650646], [120.509833, 23.664031], [120.499306, 23.686271], [120.495358, 23.704804], [120.498209, 23.724779], [120.503254, 23.729309]]]}}, {"type": "Feature", "properties": {"TOWNSN": "10009017", "TOWNID": "1000914", "COUNTYNAME": "雲林縣", "TOWNNAME": "東勢鄉", "FULLNAME": "雲林縣東勢鄉", "name": "東勢鄉", "centroid": [120.2563, 23.6963]}, "geometry": {"type": "Polygon", "coordinates": [[[120.242703, 23.744342], [120.263976, 23.733634], [120.289417, 23.741459], [120.287005, 23.719425], [120.269021, 23.693067], [120.30477, 23.687301], [120.306524, 23.6838], [120.277574, 23.671651], [120.270337, 23.671239], [120.255423, 23.656618], [120.237658, 23.653735], [120.218358, 23.658059], [120.221648, 23.67927], [120.228447, 23.678858], [120.233491, 23.696156], [120.224938, 23.702127], [120.240071, 23.719013], [120.242703, 23.744342]]]}}, {"type": "Feature", "properties": {"TOWNSN": "10009018", "TOWNID": "1000905", "COUNTYNAME": "雲林縣", "TOWNNAME": "土庫鎮", "FULLNAME": "雲林縣土庫鎮", "name": "土庫鎮", "centroid": [120.3657, 23.7066]}, "geometry": {"type": "Polygon", "coordinates": [[[120.329772, 23.745371], [120.350827, 23.742694], [120.375171, 23.746401], [120.38197, 23.735693], [120.370785, 23.730545], [120.369908, 23.713865], [120.37868, 23.713453], [120.374952, 23.696567], [120.399735, 23.696361], [120.392717, 23.6838], [120.403902, 23.680711], [120.407411, 23.668562], [120.387672, 23.65147], [120.37561, 23.653529], [120.346002, 23.645086], [120.334817, 23.69389], [120.33701, 23.71057], [120.342931, 23.709952], [120.352143, 23.737135], [120.338106, 23.738164], [120.329772, 23.745371]]]}}, {"type": "Feature", "properties": {"TOWNSN": "10009019", "TOWNID": "1000902", "COUNTYNAME": "雲林縣", "TOWNNAME": "斗南鎮", "FULLNAME": "雲林縣斗南鎮", "name": "斗南鎮", "centroid": [120.4728, 23.6779]}, "geometry": {"type": "Polygon", "coordinates": [[[120.416842, 23.679476], [120.423202, 23.689978], [120.45303, 23.687301], [120.463557, 23.699244], [120.482857, 23.708717], [120.483076, 23.721278], [120.498209, 23.724779], [120.495358, 23.704804], [120.499306, 23.686271], [120.509833, 23.664031], [120.536371, 23.650646], [120.529572, 23.643027], [120.505885, 23.63376], [120.468601, 23.63026], [120.474523, 23.662384], [120.451056, 23.674122], [120.447108, 23.668768], [120.428904, 23.671239], [120.416842, 23.679476]]]}}, {"type": "Feature", "properties": {"TOWNSN": "10009020", "TOWNID": "1000918", "COUNTYNAME": "雲林縣", "TOWNNAME": "四湖鄉", "FULLNAME": "雲林縣四湖鄉", "name": "四湖鄉", "centroid": [120.2127, 23.6492]}, "geometry": {"type": "Polygon", "coordinates": [[[120.186118, 23.699862], [120.177784, 23.684418], [120.191382, 23.669179], [120.218358, 23.658059], [120.237658, 23.653735], [120.255423, 23.656618], [120.270337, 23.671239], [120.277574, 23.671651], [120.274504, 23.660737], [120.281741, 23.63376], [120.267486, 23.630054], [120.253449, 23.632937], [120.247528, 23.61811], [120.218358, 23.599989], [120.21463, 23.58681], [120.199497, 23.594223], [120.201909, 23.61708], [120.165064, 23.6282], [120.141596, 23.620787], [120.145544, 23.651882], [120.150808, 23.655794], [120.16309, 23.683388], [120.178661, 23.701715], [120.186118, 23.699862]]]}}, {"type": "Feature", "properties": {"TOWNSN": "10009021", "TOWNID": "1000917", "COUNTYNAME": "雲林縣", "TOWNNAME": "元長鄉", "FULLNAME": "雲林縣元長鄉", "name": "元長鄉", "centroid": [120.3286, 23.644]}, "geometry": {"type": "Polygon", "coordinates": [[[120.306524, 23.6838], [120.31442, 23.691625], [120.334817, 23.69389], [120.346002, 23.645086], [120.37561, 23.653529], [120.387672, 23.65147], [120.383067, 23.637261], [120.366618, 23.607814], [120.360258, 23.596076], [120.335255, 23.592987], [120.336132, 23.60143], [120.30148, 23.612344], [120.29819, 23.630054], [120.281741, 23.63376], [120.274504, 23.660737], [120.277574, 23.671651], [120.306524, 23.6838]]]}}, {"type": "Feature", "properties": {"TOWNSN": "10009022", "TOWNID": "1000908", "COUNTYNAME": "雲林縣", "TOWNNAME": "大埤鄉", "FULLNAME": "雲林縣大埤鄉", "name": "大埤鄉", "centroid": [120.4175, 23.644]}, "geometry": {"type": "Polygon", "coordinates": [[[120.407411, 23.668562], [120.416842, 23.679476], [120.428904, 23.671239], [120.447108, 23.668768], [120.451056, 23.674122], [120.474523, 23.662384], [120.468601, 23.63026], [120.444476, 23.630466], [120.430001, 23.618316], [120.414429, 23.622229], [120.402586, 23.626965], [120.386576, 23.620993], [120.379777, 23.609873], [120.366618, 23.607814], [120.383067, 23.637261], [120.387672, 23.65147], [120.407411, 23.668562]]]}}, {"type": "Feature", "properties": {"TOWNSN": "10009023", "TOWNID": "1000907", "COUNTYNAME": "雲林縣", "TOWNNAME": "古坑鄉", "FULLNAME": "雲林縣古坑鄉", "name": "古坑鄉", "centroid": [120.6308, 23.6214]}, "geometry": {"type": "Polygon", "coordinates": [[[120.644495, 23.66815], [120.629143, 23.635202], [120.633968, 23.619346], [120.644934, 23.631083], [120.652829, 23.629642], [120.651733, 23.616257], [120.661383, 23.610285], [120.683534, 23.610697], [120.691429, 23.620169], [120.7138, 23.620787], [120.730907, 23.610697], [120.724766, 23.603695], [120.732661, 23.597312], [120.736171, 23.570542], [120.710949, 23.570747], [120.694061, 23.576307], [120.676296, 23.570542], [120.670594, 23.578367], [120.649759, 23.572807], [120.648662, 23.593193], [120.625414, 23.590722], [120.618835, 23.584133], [120.576726, 23.583515], [120.556548, 23.592781], [120.5333, 23.5969], [120.506324, 23.626141], [120.505885, 23.63376], [120.529572, 23.643027], [120.536371, 23.650646], [120.538783, 23.674328], [120.559838, 23.671239], [120.560496, 23.689154], [120.577383, 23.694714], [120.618396, 23.695744], [120.638574, 23.669591], [120.644495, 23.66815]]]}}, {"type": "Feature", "properties": {"TOWNSN": "10009024", "TOWNID": "1000906", "COUNTYNAME": "雲林縣", "TOWNNAME": "北港鎮", "FULLNAME": "雲林縣北港鎮", "name": "北港鎮", "centroid": [120.2899, 23.5906]}, "geometry": {"type": "Polygon", "coordinates": [[[120.267486, 23.630054], [120.281741, 23.63376], [120.29819, 23.630054], [120.30148, 23.612344], [120.336132, 23.60143], [120.335255, 23.592987], [120.332623, 23.578161], [120.306524, 23.571983], [120.305866, 23.562922], [120.289198, 23.561069], [120.290953, 23.551185], [120.277136, 23.543977], [120.271214, 23.55345], [120.277794, 23.57013], [120.262661, 23.579808], [120.270556, 23.591752], [120.271653, 23.609461], [120.264196, 23.617492], [120.267486, 23.630054]]]}}, {"type": "Feature", "properties": {"TOWNSN": "10009026", "TOWNID": "1000919", "COUNTYNAME": "雲林縣", "TOWNNAME": "口湖鄉", "FULLNAME": "雲林縣口湖鄉", "name": "口湖鄉", "centroid": [120.1776, 23.5654]}, "geometry": {"type": "Polygon", "coordinates": [[[120.141596, 23.620787], [120.165064, 23.6282], [120.201909, 23.61708], [120.199497, 23.594223], [120.21463, 23.58681], [120.198619, 23.571159], [120.205418, 23.56807], [120.198619, 23.553656], [120.199058, 23.527709], [120.190943, 23.528945], [120.182609, 23.509794], [120.166599, 23.517207], [120.145763, 23.520708], [120.150369, 23.531828], [120.139623, 23.549537], [120.141596, 23.620787]]]}}, {"type": "Feature", "properties": {"TOWNSN": "10009027", "TOWNID": "1000920", "COUNTYNAME": "雲林縣", "TOWNNAME": "水林鄉", "FULLNAME": "雲林縣水林鄉", "name": "水林鄉", "centroid": [120.2382, 23.5619]}, "geometry": {"type": "Polygon", "coordinates": [[[120.21463, 23.58681], [120.218358, 23.599989], [120.247528, 23.61811], [120.253449, 23.632937], [120.267486, 23.630054], [120.264196, 23.617492], [120.271653, 23.609461], [120.270556, 23.591752], [120.262661, 23.579808], [120.277794, 23.57013], [120.271214, 23.55345], [120.277136, 23.543977], [120.27253, 23.53121], [120.26288, 23.534093], [120.255642, 23.546242], [120.242045, 23.541506], [120.247089, 23.516177], [120.239193, 23.507735], [120.222964, 23.504234], [120.20169, 23.511029], [120.182609, 23.509794], [120.190943, 23.528945], [120.199058, 23.527709], [120.198619, 23.553656], [120.205418, 23.56807], [120.198619, 23.571159], [120.21463, 23.58681]]]}}, {"type": "Feature", "properties": {"TOWNSN": "10009031", "TOWNID": "1000919", "COUNTYNAME": "雲林縣", "TOWNNAME": "口湖鄉", "FULLNAME": "雲林縣口湖鄉", "name": "口湖鄉", "centroid": [120.0437, 23.4872]}, "geometry": {"type": "Polygon", "coordinates": [[[120.05979, 23.489407], [120.046851, 23.47767], [120.027112, 23.477876], [120.02448, 23.460166], [120.004522, 23.460372], [120.000355, 23.472933], [120.016146, 23.484259], [120.081064, 23.524003], [120.090714, 23.520296], [120.070098, 23.502792], [120.05979, 23.489407]]]}}, {"type": "Feature", "properties": {"TOWNSN": "10003001", "TOWNID": "1000306", "COUNTYNAME": "桃園市", "TOWNNAME": "大園區", "FULLNAME": "桃園市大園區", "name": "大園區", "centroid": [121.2162, 25.0571]}, "geometry": {"type": "Polygon", "coordinates": [[[121.248061, 25.120124], [121.254641, 25.100767], [121.272625, 25.080174], [121.262317, 25.066377], [121.245429, 25.055257], [121.236657, 25.04249], [121.238411, 25.022927], [121.247623, 25.010572], [121.223498, 25.00563], [121.225252, 25.020456], [121.213848, 25.019015], [121.200908, 25.026222], [121.19367, 25.017985], [121.176125, 25.027458], [121.162308, 25.026428], [121.167571, 25.044138], [121.155509, 25.058552], [121.155289, 25.08141], [121.173274, 25.08594], [121.212312, 25.108798], [121.242578, 25.115181], [121.248061, 25.120124]]]}}, {"type": "Feature", "properties": {"TOWNSN": "10003002", "TOWNID": "1000305", "COUNTYNAME": "桃園市", "TOWNNAME": "蘆竹區", "FULLNAME": "桃園市蘆竹區", "name": "蘆竹區", "centroid": [121.2846, 25.063]}, "geometry": {"type": "Polygon", "coordinates": [[[121.283591, 25.117241], [121.282714, 25.110033], [121.302672, 25.096854], [121.324823, 25.09253], [121.338201, 25.083881], [121.342807, 25.072967], [121.35487, 25.065348], [121.329209, 25.060817], [121.321972, 25.054022], [121.295873, 25.04702], [121.302452, 25.033224], [121.271309, 25.021898], [121.280301, 25.000893], [121.27416, 24.992245], [121.259685, 24.987096], [121.247623, 25.010572], [121.238411, 25.022927], [121.236657, 25.04249], [121.245429, 25.055257], [121.262317, 25.066377], [121.272625, 25.080174], [121.254641, 25.100767], [121.248061, 25.120124], [121.260343, 25.121977], [121.283591, 25.117241]]]}}, {"type": "Feature", "properties": {"TOWNSN": "10003003", "TOWNID": "1000312", "COUNTYNAME": "桃園市", "TOWNNAME": "觀音區", "FULLNAME": "桃園市觀音區", "name": "觀音區", "centroid": [121.1127, 25.0232]}, "geometry": {"type": "Polygon", "coordinates": [[[121.155289, 25.08141], [121.155509, 25.058552], [121.167571, 25.044138], [121.162308, 25.026428], [121.161211, 25.014073], [121.168448, 24.98792], [121.151561, 24.965063], [121.136209, 24.972476], [121.127874, 24.998216], [121.110329, 24.986891], [121.104846, 24.996775], [121.078528, 25.007071], [121.068658, 25.001923], [121.061421, 25.01119], [121.034664, 25.016955], [121.022821, 25.007277], [121.049797, 25.040225], [121.083791, 25.052375], [121.091248, 25.061641], [121.119979, 25.07482], [121.155289, 25.08141]]]}}, {"type": "Feature", "properties": {"TOWNSN": "10003004", "TOWNID": "1000307", "COUNTYNAME": "桃園市", "TOWNNAME": "龜山區", "FULLNAME": "桃園市龜山區", "name": "龜山區", "centroid": [121.3543, 25.0278]}, "geometry": {"type": "Polygon", "coordinates": [[[121.35487, 25.065348], [121.380091, 25.065142], [121.402901, 25.045579], [121.398295, 25.030135], [121.412112, 25.019427], [121.391277, 25.012219], [121.401585, 24.999246], [121.368687, 24.9768], [121.329867, 24.979065], [121.321095, 24.987714], [121.33228, 25.004806], [121.324823, 25.026428], [121.302452, 25.033224], [121.295873, 25.04702], [121.321972, 25.054022], [121.329209, 25.060817], [121.35487, 25.065348]]]}}, {"type": "Feature", "properties": {"TOWNSN": "10003005", "TOWNID": "1000301", "COUNTYNAME": "桃園市", "TOWNNAME": "桃園區", "FULLNAME": "桃園市桃園區", "name": "桃園區", "centroid": [121.2971, 24.9954]}, "geometry": {"type": "Polygon", "coordinates": [[[121.302452, 25.033224], [121.324823, 25.026428], [121.33228, 25.004806], [121.321095, 24.987714], [121.329867, 24.979065], [121.323726, 24.97124], [121.296531, 24.976594], [121.293241, 24.96774], [121.281179, 24.975153], [121.263633, 24.973299], [121.259685, 24.987096], [121.27416, 24.992245], [121.280301, 25.000893], [121.271309, 25.021898], [121.302452, 25.033224]]]}}, {"type": "Feature", "properties": {"TOWNSN": "10003006", "TOWNID": "1000302", "COUNTYNAME": "桃園市", "TOWNNAME": "中壢區", "FULLNAME": "桃園市中壢區", "name": "中壢區", "centroid": [121.2057, 24.9838]}, "geometry": {"type": "Polygon", "coordinates": [[[121.162308, 25.026428], [121.176125, 25.027458], [121.19367, 25.017985], [121.200908, 25.026222], [121.213848, 25.019015], [121.225252, 25.020456], [121.223498, 25.00563], [121.247623, 25.010572], [121.259685, 24.987096], [121.263633, 24.973299], [121.266703, 24.95003], [121.258369, 24.930673], [121.244333, 24.925113], [121.228761, 24.931703], [121.221304, 24.951677], [121.194767, 24.957237], [121.191038, 24.970005], [121.178976, 24.969593], [121.177002, 24.959091], [121.165817, 24.957649], [121.151561, 24.965063], [121.168448, 24.98792], [121.161211, 25.014073], [121.162308, 25.026428]]]}}, {"type": "Feature", "properties": {"TOWNSN": "10003007", "TOWNID": "1000311", "COUNTYNAME": "桃園市", "TOWNNAME": "新屋區", "FULLNAME": "桃園市新屋區", "name": "新屋區", "centroid": [121.0695, 24.9714]}, "geometry": {"type": "Polygon", "coordinates": [[[121.022821, 25.007277], [121.034664, 25.016955], [121.061421, 25.01119], [121.068658, 25.001923], [121.078528, 25.007071], [121.104846, 24.996775], [121.110329, 24.986891], [121.127874, 24.998216], [121.136209, 24.972476], [121.151561, 24.965063], [121.165817, 24.957649], [121.147613, 24.946529], [121.127436, 24.953325], [121.106381, 24.946323], [121.089055, 24.95662], [121.05835, 24.936645], [121.046288, 24.942411], [121.037734, 24.946323], [121.019311, 24.940352], [121.00703, 24.946323], [121.003082, 24.940146], [120.985975, 24.939528], [121.012513, 24.974329], [121.010539, 24.987302], [121.022821, 25.007277]]]}}, {"type": "Feature", "properties": {"TOWNSN": "10003008", "TOWNID": "1000308", "COUNTYNAME": "桃園市", "TOWNNAME": "八德區", "FULLNAME": "桃園市八德區", "name": "八德區", "centroid": [121.2896, 24.9483]}, "geometry": {"type": "Polygon", "coordinates": [[[121.323726, 24.97124], [121.329648, 24.966916], [121.327893, 24.949206], [121.315831, 24.938498], [121.298285, 24.924084], [121.277889, 24.920171], [121.272625, 24.927996], [121.253106, 24.908845], [121.25179, 24.921612], [121.258369, 24.930673], [121.266703, 24.95003], [121.263633, 24.973299], [121.281179, 24.975153], [121.293241, 24.96774], [121.296531, 24.976594], [121.323726, 24.97124]]]}}, {"type": "Feature", "properties": {"TOWNSN": "10003009", "TOWNID": "1000310", "COUNTYNAME": "桃園市", "TOWNNAME": "平鎮區", "FULLNAME": "桃園市平鎮區", "name": "平鎮區", "centroid": [121.2152, 24.9269]}, "geometry": {"type": "Polygon", "coordinates": [[[121.177002, 24.959091], [121.178976, 24.969593], [121.191038, 24.970005], [121.194767, 24.957237], [121.221304, 24.951677], [121.228761, 24.931703], [121.244333, 24.925113], [121.258369, 24.930673], [121.25179, 24.921612], [121.253106, 24.908845], [121.249158, 24.885987], [121.234464, 24.886811], [121.228761, 24.894019], [121.195205, 24.887841], [121.184678, 24.8899], [121.188845, 24.928408], [121.177002, 24.959091]]]}}, {"type": "Feature", "properties": {"TOWNSN": "10003010", "TOWNID": "1000304", "COUNTYNAME": "桃園市", "TOWNNAME": "楊梅區", "FULLNAME": "桃園市楊梅區", "name": "楊梅區", "centroid": [121.135, 24.9161]}, "geometry": {"type": "Polygon", "coordinates": [[[121.165817, 24.957649], [121.177002, 24.959091], [121.188845, 24.928408], [121.184678, 24.8899], [121.174589, 24.881457], [121.175467, 24.872191], [121.15814, 24.875279], [121.155728, 24.880633], [121.121953, 24.880222], [121.108355, 24.885987], [121.109013, 24.897725], [121.091029, 24.893401], [121.059008, 24.907198], [121.05835, 24.936645], [121.089055, 24.95662], [121.106381, 24.946323], [121.127436, 24.953325], [121.147613, 24.946529], [121.165817, 24.957649]]]}}, {"type": "Feature", "properties": {"TOWNSN": "10003011", "TOWNID": "1000303", "COUNTYNAME": "桃園市", "TOWNNAME": "大溪區", "FULLNAME": "桃園市大溪區", "name": "大溪區", "centroid": [121.2977, 24.8753]}, "geometry": {"type": "Polygon", "coordinates": [[[121.315831, 24.938498], [121.323068, 24.931291], [121.339737, 24.928408], [121.317585, 24.916258], [121.326139, 24.909257], [121.320217, 24.900196], [121.342149, 24.892577], [121.345878, 24.868278], [121.353554, 24.8586], [121.335789, 24.845009], [121.328113, 24.822357], [121.319121, 24.818444], [121.316489, 24.803412], [121.286223, 24.816179], [121.243236, 24.808766], [121.243017, 24.808766], [121.243894, 24.813914], [121.267581, 24.848921], [121.258808, 24.864777], [121.247842, 24.858394], [121.249158, 24.885987], [121.253106, 24.908845], [121.272625, 24.927996], [121.277889, 24.920171], [121.298285, 24.924084], [121.315831, 24.938498]]]}}, {"type": "Feature", "properties": {"TOWNSN": "10003012", "TOWNID": "1000309", "COUNTYNAME": "桃園市", "TOWNNAME": "龍潭區", "FULLNAME": "桃園市龍潭區", "name": "龍潭區", "centroid": [121.2071, 24.8526]}, "geometry": {"type": "Polygon", "coordinates": [[[121.184678, 24.8899], [121.195205, 24.887841], [121.228761, 24.894019], [121.234464, 24.886811], [121.249158, 24.885987], [121.247842, 24.858394], [121.258808, 24.864777], [121.267581, 24.848921], [121.243894, 24.813914], [121.243017, 24.808766], [121.221524, 24.799499], [121.217137, 24.812472], [121.207487, 24.806912], [121.20332, 24.817415], [121.173712, 24.827711], [121.176344, 24.832035], [121.150026, 24.844391], [121.16143, 24.859629], [121.15814, 24.875279], [121.175467, 24.872191], [121.174589, 24.881457], [121.184678, 24.8899]]]}}, {"type": "Feature", "properties": {"TOWNSN": "10003013", "TOWNID": "1000313", "COUNTYNAME": "桃園市", "TOWNNAME": "復興區", "FULLNAME": "桃園市復興區", "name": "復興區", "centroid": [121.3689, 24.7301]}, "geometry": {"type": "Polygon", "coordinates": [[[121.335789, 24.845009], [121.35487, 24.843979], [121.372854, 24.834918], [121.393251, 24.843979], [121.415402, 24.835742], [121.436676, 24.811855], [121.438211, 24.795381], [121.450274, 24.79085], [121.446764, 24.782819], [121.423297, 24.762021], [121.43536, 24.73278], [121.450054, 24.705804], [121.474179, 24.696125], [121.479882, 24.673885], [121.459704, 24.673267], [121.447642, 24.658029], [121.45137, 24.651028], [121.440404, 24.634965], [121.427903, 24.606342], [121.41277, 24.603665], [121.402901, 24.591721], [121.387548, 24.586573], [121.363423, 24.602841], [121.358817, 24.617462], [121.365616, 24.631671], [121.352238, 24.64485], [121.353554, 24.666266], [121.339737, 24.670384], [121.33864, 24.679651], [121.318024, 24.697978], [121.299601, 24.696537], [121.307497, 24.720012], [121.298724, 24.73072], [121.307716, 24.755019], [121.293022, 24.765316], [121.260124, 24.78179], [121.26122, 24.790027], [121.247184, 24.79744], [121.243236, 24.808766], [121.286223, 24.816179], [121.316489, 24.803412], [121.319121, 24.818444], [121.328113, 24.822357], [121.335789, 24.845009]]]}}, {"type": "Feature", "properties": {"TOWNSN": "10014001", "TOWNID": "1001408", "COUNTYNAME": "臺東縣", "TOWNNAME": "長濱鄉", "FULLNAME": "臺東縣長濱鄉", "name": "長濱鄉", "centroid": [121.4213, 23.3301]}, "geometry": {"type": "Polygon", "coordinates": [[[121.446984, 23.443692], [121.473302, 23.440603], [121.48054, 23.430719], [121.495892, 23.434631], [121.478127, 23.395918], [121.471767, 23.370795], [121.467819, 23.331669], [121.462555, 23.314371], [121.442597, 23.304899], [121.430096, 23.28616], [121.414086, 23.232002], [121.420008, 23.226648], [121.409919, 23.213468], [121.403559, 23.221294], [121.368468, 23.226854], [121.356844, 23.23715], [121.363642, 23.257536], [121.377898, 23.269686], [121.37724, 23.283483], [121.377898, 23.30078], [121.39018, 23.320549], [121.39983, 23.323226], [121.402023, 23.333934], [121.422639, 23.360087], [121.407287, 23.364617], [121.400269, 23.387063], [121.410357, 23.3988], [121.419569, 23.419393], [121.446984, 23.443692]]]}}, {"type": "Feature", "properties": {"TOWNSN": "10014020", "TOWNID": "1001412", "COUNTYNAME": "臺東縣", "TOWNNAME": "海端鄉", "FULLNAME": "臺東縣海端鄉", "name": "海端鄉", "centroid": [121.0169, 23.1129]}, "geometry": {"type": "Polygon", "coordinates": [[[121.028304, 23.297074], [121.038831, 23.300574], [121.056376, 23.290072], [121.062517, 23.265979], [121.079624, 23.232825], [121.092345, 23.233855], [121.108574, 23.223559], [121.12919, 23.223353], [121.139718, 23.201525], [121.155947, 23.200083], [121.175905, 23.210174], [121.191038, 23.202348], [121.199153, 23.175166], [121.212532, 23.15478], [121.211874, 23.144278], [121.19389, 23.153956], [121.178099, 23.154368], [121.173274, 23.147573], [121.180292, 23.137894], [121.175247, 23.122656], [121.176125, 23.095062], [121.165378, 23.078176], [121.154631, 23.047699], [121.134015, 23.026901], [121.145201, 23.018252], [121.130945, 22.994982], [121.122172, 22.981391], [121.105285, 22.990658], [121.078089, 22.996012], [121.026988, 22.985716], [121.012951, 22.99107], [120.994309, 22.985922], [120.973693, 22.995394], [120.960973, 22.972125], [120.948471, 22.961417], [120.939918, 22.961417], [120.925224, 22.948238], [120.896712, 22.950503], [120.888159, 22.959152], [120.860744, 22.955239], [120.848901, 22.964506], [120.830258, 22.970272], [120.829381, 22.975214], [120.860524, 23.007956], [120.860963, 23.029784], [120.879605, 23.034726], [120.88136, 23.043993], [120.869078, 23.059643], [120.885527, 23.088884], [120.889475, 23.110094], [120.885088, 23.119773], [120.887939, 23.136659], [120.876315, 23.151279], [120.894958, 23.160752], [120.898467, 23.176196], [120.912503, 23.186698], [120.906581, 23.196583], [120.911626, 23.209144], [120.915793, 23.237973], [120.937944, 23.245181], [120.971061, 23.281218], [120.986194, 23.280394], [121.010539, 23.292749], [121.028304, 23.297074]]]}}, {"type": "Feature", "properties": {"TOWNSN": "10014034", "TOWNID": "1001402", "COUNTYNAME": "臺東縣", "TOWNNAME": "成功鎮", "FULLNAME": "臺東縣成功鎮", "name": "成功鎮", "centroid": [121.3486, 23.1177]}, "geometry": {"type": "Polygon", "coordinates": [[[121.356844, 23.23715], [121.368468, 23.226854], [121.403559, 23.221294], [121.409919, 23.213468], [121.397418, 23.207908], [121.397637, 23.18608], [121.407287, 23.165694], [121.399172, 23.147367], [121.401146, 23.130481], [121.411015, 23.122038], [121.396321, 23.117096], [121.386452, 23.103093], [121.366055, 23.096091], [121.34829, 23.068086], [121.336447, 23.019899], [121.327674, 23.014751], [121.32263, 22.994571], [121.311664, 22.97439], [121.298724, 22.982627], [121.3064, 22.988805], [121.302891, 23.019693], [121.313199, 23.031637], [121.309909, 23.043787], [121.318463, 23.059849], [121.313857, 23.065203], [121.317585, 23.089708], [121.315831, 23.109682], [121.32263, 23.119979], [121.320437, 23.137688], [121.327236, 23.152309], [121.317366, 23.164458], [121.323726, 23.178461], [121.334692, 23.177843], [121.346974, 23.20935], [121.356405, 23.223147], [121.356844, 23.23715]]]}}, {"type": "Feature", "properties": {"TOWNSN": "10014043", "TOWNID": "1001406", "COUNTYNAME": "臺東縣", "TOWNNAME": "池上鄉", "FULLNAME": "臺東縣池上鄉", "name": "池上鄉", "centroid": [121.2071, 23.1003]}, "geometry": {"type": "Polygon", "coordinates": [[[121.175247, 23.122656], [121.180292, 23.137894], [121.173274, 23.147573], [121.178099, 23.154368], [121.19389, 23.153956], [121.211874, 23.144278], [121.230954, 23.139336], [121.238411, 23.128628], [121.249158, 23.13151], [121.267142, 23.114213], [121.264291, 23.103917], [121.232709, 23.035756], [121.22591, 23.026695], [121.194547, 23.031019], [121.183801, 23.028754], [121.18095, 23.038638], [121.199372, 23.059437], [121.200469, 23.073234], [121.186871, 23.112154], [121.175247, 23.122656]]]}}, {"type": "Feature", "properties": {"TOWNSN": "10014047", "TOWNID": "1001403", "COUNTYNAME": "臺東縣", "TOWNNAME": "關山鎮", "FULLNAME": "臺東縣關山鎮", "name": "關山鎮", "centroid": [121.1778, 23.0458]}, "geometry": {"type": "Polygon", "coordinates": [[[121.175247, 23.122656], [121.186871, 23.112154], [121.200469, 23.073234], [121.199372, 23.059437], [121.18095, 23.038638], [121.183801, 23.028754], [121.194547, 23.031019], [121.22591, 23.026695], [121.215821, 23.009397], [121.199153, 23.001778], [121.178099, 22.985716], [121.156825, 22.996836], [121.130945, 22.994982], [121.145201, 23.018252], [121.134015, 23.026901], [121.154631, 23.047699], [121.165378, 23.078176], [121.176125, 23.095062], [121.175247, 23.122656]]]}}, {"type": "Feature", "properties": {"TOWNSN": "10014048", "TOWNID": "1001407", "COUNTYNAME": "臺東縣", "TOWNNAME": "東河鄉", "FULLNAME": "臺東縣東河鄉", "name": "東河鄉", "centroid": [121.2539, 22.9832]}, "geometry": {"type": "Polygon", "coordinates": [[[121.264291, 23.103917], [121.272406, 23.097945], [121.284468, 23.106594], [121.315831, 23.109682], [121.317585, 23.089708], [121.313857, 23.065203], [121.318463, 23.059849], [121.309909, 23.043787], [121.313199, 23.031637], [121.302891, 23.019693], [121.3064, 22.988805], [121.298724, 22.982627], [121.311664, 22.97439], [121.299601, 22.959769], [121.2871, 22.952562], [121.2678, 22.910965], [121.260782, 22.904993], [121.236218, 22.868133], [121.207049, 22.864426], [121.191916, 22.850423], [121.162527, 22.857425], [121.165378, 22.867927], [121.180072, 22.883577], [121.190819, 22.901493], [121.18402, 22.916525], [121.194109, 22.936706], [121.211216, 22.961623], [121.218234, 22.977479], [121.215821, 23.009397], [121.22591, 23.026695], [121.232709, 23.035756], [121.264291, 23.103917]]]}}, {"type": "Feature", "properties": {"TOWNSN": "10014049", "TOWNID": "1001405", "COUNTYNAME": "臺東縣", "TOWNNAME": "鹿野鄉", "FULLNAME": "臺東縣鹿野鄉", "name": "鹿野鄉", "centroid": [121.1532, 22.9547]}, "geometry": {"type": "Polygon", "coordinates": [[[121.130945, 22.994982], [121.156825, 22.996836], [121.178099, 22.985716], [121.199153, 23.001778], [121.215821, 23.009397], [121.218234, 22.977479], [121.211216, 22.961623], [121.194109, 22.936706], [121.182704, 22.93197], [121.162308, 22.933205], [121.142788, 22.910142], [121.143446, 22.888725], [121.0873, 22.895727], [121.109452, 22.911583], [121.117786, 22.923733], [121.114935, 22.934441], [121.127436, 22.952356], [121.118224, 22.972125], [121.122172, 22.981391], [121.130945, 22.994982]]]}}, {"type": "Feature", "properties": {"TOWNSN": "10014052", "TOWNID": "1001413", "COUNTYNAME": "臺東縣", "TOWNNAME": "延平鄉", "FULLNAME": "臺東縣延平鄉", "name": "延平鄉", "centroid": [121.0052, 22.9046]}, "geometry": {"type": "Polygon", "coordinates": [[[121.122172, 22.981391], [121.118224, 22.972125], [121.127436, 22.952356], [121.114935, 22.934441], [121.117786, 22.923733], [121.109452, 22.911583], [121.0873, 22.895727], [121.143446, 22.888725], [121.142788, 22.910142], [121.162308, 22.933205], [121.182704, 22.93197], [121.194109, 22.936706], [121.18402, 22.916525], [121.190819, 22.901493], [121.180072, 22.883577], [121.165378, 22.867927], [121.153535, 22.872457], [121.141472, 22.885637], [121.107258, 22.885842], [121.086862, 22.895315], [121.070413, 22.860102], [121.054622, 22.857013], [121.043875, 22.845893], [121.022163, 22.841363], [121.012951, 22.833538], [120.992335, 22.836421], [120.968649, 22.805326], [120.953077, 22.794824], [120.918205, 22.780203], [120.903511, 22.777526], [120.903292, 22.799972], [120.891229, 22.81171], [120.868639, 22.816858], [120.861621, 22.826536], [120.864692, 22.84301], [120.869517, 22.857837], [120.859209, 22.863191], [120.859866, 22.878223], [120.841882, 22.881312], [120.828504, 22.90417], [120.833329, 22.912201], [120.821924, 22.935264], [120.821047, 22.960799], [120.830258, 22.970272], [120.848901, 22.964506], [120.860744, 22.955239], [120.888159, 22.959152], [120.896712, 22.950503], [120.925224, 22.948238], [120.939918, 22.961417], [120.948471, 22.961417], [120.960973, 22.972125], [120.973693, 22.995394], [120.994309, 22.985922], [121.012951, 22.99107], [121.026988, 22.985716], [121.078089, 22.996012], [121.105285, 22.990658], [121.122172, 22.981391]]]}}, {"type": "Feature", "properties": {"TOWNSN": "10014059", "TOWNID": "1001404", "COUNTYNAME": "臺東縣", "TOWNNAME": "卑南鄉", "FULLNAME": "臺東縣卑南鄉", "name": "卑南鄉", "centroid": [121.0041, 22.7624]}, "geometry": {"type": "Polygon", "coordinates": [[[121.165378, 22.867927], [121.162527, 22.857425], [121.191916, 22.850423], [121.187529, 22.829213], [121.192793, 22.818917], [121.182924, 22.805944], [121.157921, 22.788234], [121.140814, 22.791529], [121.133138, 22.808209], [121.115812, 22.811298], [121.112083, 22.795648], [121.100679, 22.788028], [121.109671, 22.779791], [121.098924, 22.774643], [121.078089, 22.775055], [121.048042, 22.764141], [121.056815, 22.746637], [121.04234, 22.731811], [121.034883, 22.713484], [121.039708, 22.70154], [121.02304, 22.694539], [120.992335, 22.692067], [120.987072, 22.680536], [120.946059, 22.665915], [120.938602, 22.65912], [120.915354, 22.651089], [120.895396, 22.653148], [120.886623, 22.649235], [120.856796, 22.66468], [120.853287, 22.658502], [120.833768, 22.654795], [120.821266, 22.66365], [120.810958, 22.662826], [120.786395, 22.672093], [120.791439, 22.678682], [120.786833, 22.692891], [120.808107, 22.689185], [120.834864, 22.696598], [120.848681, 22.716984], [120.883772, 22.717396], [120.894738, 22.737783], [120.893203, 22.766406], [120.903511, 22.777526], [120.918205, 22.780203], [120.953077, 22.794824], [120.968649, 22.805326], [120.992335, 22.836421], [121.012951, 22.833538], [121.022163, 22.841363], [121.043875, 22.845893], [121.054622, 22.857013], [121.070413, 22.860102], [121.086862, 22.895315], [121.107258, 22.885842], [121.141472, 22.885637], [121.153535, 22.872457], [121.165378, 22.867927]]]}}, {"type": "Feature", "properties": {"TOWNSN": "10014060", "TOWNID": "1001401", "COUNTYNAME": "臺東縣", "TOWNNAME": "台東市", "FULLNAME": "臺東縣台東市", "name": "台東市", "centroid": [121.115, 22.7637]}, "geometry": {"type": "Polygon", "coordinates": [[[121.192793, 22.818917], [121.201127, 22.795853], [121.183143, 22.787205], [121.173054, 22.755492], [121.156825, 22.747461], [121.128094, 22.719867], [121.075019, 22.693715], [121.066465, 22.684242], [121.055061, 22.695156], [121.039708, 22.70154], [121.034883, 22.713484], [121.04234, 22.731811], [121.056815, 22.746637], [121.048042, 22.764141], [121.078089, 22.775055], [121.098924, 22.774643], [121.109671, 22.779791], [121.100679, 22.788028], [121.112083, 22.795648], [121.115812, 22.811298], [121.133138, 22.808209], [121.140814, 22.791529], [121.157921, 22.788234], [121.182924, 22.805944], [121.192793, 22.818917]]]}}, {"type": "Feature", "properties": {"TOWNSN": "10014072", "TOWNID": "1001411", "COUNTYNAME": "臺東縣", "TOWNNAME": "綠島鄉", "FULLNAME": "臺東縣綠島鄉", "name": "綠島鄉", "centroid": [121.4908, 22.6598]}, "geometry": {"type": "Polygon", "coordinates": [[[121.500498, 22.646558], [121.491944, 22.639763], [121.472425, 22.647176], [121.474399, 22.659737], [121.464091, 22.678682], [121.493699, 22.676211], [121.50927, 22.678888], [121.510148, 22.66468], [121.500498, 22.646558]]]}}, {"type": "Feature", "properties": {"TOWNSN": "10014077", "TOWNID": "1001414", "COUNTYNAME": "臺東縣", "TOWNNAME": "金峰鄉", "FULLNAME": "臺東縣金峰鄉", "name": "金峰鄉", "centroid": [120.8779, 22.5987]}, "geometry": {"type": "Polygon", "coordinates": [[[120.992335, 22.692067], [121.001985, 22.674152], [120.996064, 22.665709], [120.98115, 22.66468], [120.969087, 22.648411], [121.000669, 22.64141], [121.005275, 22.63132], [120.976325, 22.63029], [120.975228, 22.580662], [120.961631, 22.567071], [120.941673, 22.572425], [120.918644, 22.556363], [120.920618, 22.539271], [120.9329, 22.528152], [120.919302, 22.518473], [120.916451, 22.508795], [120.87478, 22.488614], [120.865788, 22.492115], [120.857673, 22.480995], [120.839251, 22.476464], [120.810739, 22.483054], [120.770823, 22.502205], [120.760954, 22.503235], [120.753716, 22.51106], [120.749988, 22.533917], [120.739899, 22.558422], [120.748891, 22.572013], [120.745821, 22.589517], [120.754813, 22.601873], [120.752839, 22.611551], [120.761173, 22.629878], [120.785956, 22.661385], [120.786395, 22.672093], [120.810958, 22.662826], [120.821266, 22.66365], [120.833768, 22.654795], [120.853287, 22.658502], [120.856796, 22.66468], [120.886623, 22.649235], [120.895396, 22.653148], [120.915354, 22.651089], [120.938602, 22.65912], [120.946059, 22.665915], [120.987072, 22.680536], [120.992335, 22.692067]]]}}, {"type": "Feature", "properties": {"TOWNSN": "10014078", "TOWNID": "1001409", "COUNTYNAME": "臺東縣", "TOWNNAME": "太麻里鄉", "FULLNAME": "臺東縣太麻里鄉", "name": "太麻里鄉", "centroid": [120.9793, 22.5974]}, "geometry": {"type": "Polygon", "coordinates": [[[120.992335, 22.692067], [121.02304, 22.694539], [121.039708, 22.70154], [121.055061, 22.695156], [121.066465, 22.684242], [121.034664, 22.666945], [121.022382, 22.649235], [121.012513, 22.619376], [121.009223, 22.588899], [120.985098, 22.568719], [120.975009, 22.548126], [120.959218, 22.504058], [120.946717, 22.457519], [120.925224, 22.462873], [120.941453, 22.47667], [120.941453, 22.488408], [120.916451, 22.508795], [120.919302, 22.518473], [120.9329, 22.528152], [120.920618, 22.539271], [120.918644, 22.556363], [120.941673, 22.572425], [120.961631, 22.567071], [120.975228, 22.580662], [120.976325, 22.63029], [121.005275, 22.63132], [121.000669, 22.64141], [120.969087, 22.648411], [120.98115, 22.66468], [120.996064, 22.665709], [121.001985, 22.674152], [120.992335, 22.692067]]]}}, {"type": "Feature", "properties": {"TOWNSN": "10014079", "TOWNID": "1001410", "COUNTYNAME": "臺東縣", "TOWNNAME": "大武鄉", "FULLNAME": "臺東縣大武鄉", "name": "大武鄉", "centroid": [120.8978, 22.3848]}, "geometry": {"type": "Polygon", "coordinates": [[[120.925224, 22.462873], [120.946717, 22.457519], [120.933119, 22.42313], [120.914916, 22.384828], [120.908775, 22.359293], [120.894958, 22.334582], [120.891887, 22.291544], [120.886185, 22.299575], [120.858551, 22.316255], [120.866227, 22.334582], [120.860305, 22.340554], [120.879386, 22.36197], [120.878289, 22.375973], [120.886843, 22.380916], [120.883553, 22.399449], [120.89408, 22.430543], [120.904169, 22.431573], [120.919083, 22.462256], [120.925224, 22.462873]]]}}, {"type": "Feature", "properties": {"TOWNSN": "10014080", "TOWNID": "1001415", "COUNTYNAME": "臺東縣", "TOWNNAME": "達仁鄉", "FULLNAME": "臺東縣達仁鄉", "name": "達仁鄉", "centroid": [120.8344, 22.3851]}, "geometry": {"type": "Polygon", "coordinates": [[[120.916451, 22.508795], [120.941453, 22.488408], [120.941453, 22.47667], [120.925224, 22.462873], [120.919083, 22.462256], [120.904169, 22.431573], [120.89408, 22.430543], [120.883553, 22.399449], [120.886843, 22.380916], [120.878289, 22.375973], [120.879386, 22.36197], [120.860305, 22.340554], [120.866227, 22.334582], [120.858551, 22.316255], [120.886185, 22.299575], [120.891887, 22.291544], [120.896273, 22.246447], [120.880482, 22.234503], [120.866446, 22.229767], [120.85877, 22.240887], [120.83947, 22.243564], [120.815345, 22.263127], [120.799554, 22.257155], [120.798019, 22.276512], [120.789904, 22.293398], [120.777841, 22.297928], [120.77806, 22.308636], [120.796922, 22.317903], [120.785079, 22.345496], [120.767314, 22.347556], [120.762927, 22.359088], [120.743408, 22.36753], [120.756348, 22.388535], [120.757664, 22.404803], [120.780034, 22.409333], [120.789465, 22.41757], [120.77499, 22.443517], [120.776525, 22.449488], [120.751523, 22.458549], [120.750865, 22.479142], [120.763805, 22.491085], [120.760954, 22.503235], [120.770823, 22.502205], [120.810739, 22.483054], [120.839251, 22.476464], [120.857673, 22.480995], [120.865788, 22.492115], [120.87478, 22.488614], [120.916451, 22.508795]]]}}, {"type": "Feature", "properties": {"TOWNSN": "10014092", "TOWNID": "1001416", "COUNTYNAME": "臺東縣", "TOWNNAME": "蘭嶼鄉", "FULLNAME": "臺東縣蘭嶼鄉", "name": "蘭嶼鄉", "centroid": [121.5494, 22.045]}, "geometry": {"type": "Polygon", "coordinates": [[[121.50949, 22.069146], [121.512779, 22.081089], [121.568048, 22.085208], [121.574189, 22.060909], [121.563881, 22.051436], [121.569802, 22.04011], [121.600507, 22.020548], [121.593928, 22.003456], [121.570241, 22.002838], [121.553573, 22.024666], [121.537782, 22.02446], [121.520236, 22.039287], [121.507297, 22.057614], [121.50949, 22.069146]]]}}, {"type": "Feature", "properties": {"TOWNSN": "10001014", "TOWNID": "1000122", "COUNTYNAME": "新北市", "TOWNNAME": "石門區", "FULLNAME": "新北市石門區", "name": "石門區", "centroid": [121.5659, 25.2602]}, "geometry": {"type": "Polygon", "coordinates": [[[121.619588, 25.274979], [121.614982, 25.253357], [121.603358, 25.252945], [121.5834, 25.233382], [121.580549, 25.223292], [121.565635, 25.215055], [121.555108, 25.227616], [121.553573, 25.239766], [121.544142, 25.245326], [121.547432, 25.266124], [121.523526, 25.263653], [121.506858, 25.282598], [121.526597, 25.285687], [121.539536, 25.294954], [121.559714, 25.292071], [121.577259, 25.298248], [121.619588, 25.274979]]]}}, {"type": "Feature", "properties": {"TOWNSN": "10001015", "TOWNID": "1000121", "COUNTYNAME": "新北市", "TOWNNAME": "三芝區", "FULLNAME": "新北市三芝區", "name": "三芝區", "centroid": [121.5133, 25.2321]}, "geometry": {"type": "Polygon", "coordinates": [[[121.506858, 25.282598], [121.523526, 25.263653], [121.547432, 25.266124], [121.544142, 25.245326], [121.553573, 25.239766], [121.555108, 25.227616], [121.565635, 25.215055], [121.558836, 25.210113], [121.542607, 25.188902], [121.521552, 25.179224], [121.500498, 25.193021], [121.494795, 25.191168], [121.484926, 25.205171], [121.498085, 25.216085], [121.495892, 25.230499], [121.468696, 25.239766], [121.446984, 25.243267], [121.472425, 25.254386], [121.478566, 25.267977], [121.506858, 25.282598]]]}}, {"type": "Feature", "properties": {"TOWNSN": "10001016", "TOWNID": "1000127", "COUNTYNAME": "新北市", "TOWNNAME": "金山區", "FULLNAME": "新北市金山區", "name": "金山區", "centroid": [121.6008, 25.2159]}, "geometry": {"type": "Polygon", "coordinates": [[[121.619588, 25.274979], [121.632308, 25.259946], [121.633624, 25.23956], [121.649635, 25.222674], [121.629238, 25.211348], [121.610157, 25.194668], [121.610596, 25.187255], [121.59634, 25.165633], [121.589541, 25.16378], [121.576821, 25.167074], [121.583181, 25.176959], [121.582742, 25.19508], [121.575724, 25.195286], [121.558836, 25.210113], [121.565635, 25.215055], [121.580549, 25.223292], [121.5834, 25.233382], [121.603358, 25.252945], [121.614982, 25.253357], [121.619588, 25.274979]]]}}, {"type": "Feature", "properties": {"TOWNSN": "10001031", "TOWNID": "1000110", "COUNTYNAME": "新北市", "TOWNNAME": "淡水區", "FULLNAME": "新北市淡水區", "name": "淡水區", "centroid": [121.4707, 25.1963]}, "geometry": {"type": "Polygon", "coordinates": [[[121.446984, 25.243267], [121.468696, 25.239766], [121.495892, 25.230499], [121.498085, 25.216085], [121.484926, 25.205171], [121.494795, 25.191168], [121.500498, 25.193021], [121.521552, 25.179224], [121.519578, 25.16934], [121.502471, 25.173252], [121.458827, 25.123007], [121.452467, 25.146688], [121.432947, 25.167692], [121.405313, 25.180048], [121.432947, 25.216085], [121.438869, 25.218967], [121.446984, 25.243267]]]}}, {"type": "Feature", "properties": {"TOWNSN": "10001032", "TOWNID": "1000128", "COUNTYNAME": "新北市", "TOWNNAME": "萬里區", "FULLNAME": "新北市萬里區", "name": "萬里區", "centroid": [121.6478, 25.1744]}, "geometry": {"type": "Polygon", "coordinates": [[[121.708631, 25.175517], [121.677488, 25.155749], [121.657969, 25.152248], [121.649196, 25.144835], [121.626606, 25.139687], [121.607745, 25.130214], [121.598314, 25.140304], [121.589541, 25.16378], [121.59634, 25.165633], [121.610596, 25.187255], [121.610157, 25.194668], [121.629238, 25.211348], [121.649635, 25.222674], [121.670689, 25.202493], [121.69284, 25.208053], [121.685384, 25.18952], [121.692183, 25.180254], [121.708631, 25.175517]]]}}, {"type": "Feature", "properties": {"TOWNSN": "10001034", "TOWNID": "1000123", "COUNTYNAME": "新北市", "TOWNNAME": "八里區", "FULLNAME": "新北市八里區", "name": "八里區", "centroid": [121.4193, 25.1377]}, "geometry": {"type": "Polygon", "coordinates": [[[121.405313, 25.180048], [121.432947, 25.167692], [121.452467, 25.146688], [121.458827, 25.123007], [121.460801, 25.116211], [121.459046, 25.11271], [121.435798, 25.127331], [121.415621, 25.129596], [121.404655, 25.122595], [121.401804, 25.107562], [121.391277, 25.10159], [121.366274, 25.137009], [121.386452, 25.145452], [121.412551, 25.167898], [121.405313, 25.180048]]]}}, {"type": "Feature", "properties": {"TOWNSN": "10001043", "TOWNID": "1000117", "COUNTYNAME": "新北市", "TOWNNAME": "林口區", "FULLNAME": "新北市林口區", "name": "林口區", "centroid": [121.3479, 25.0984]}, "geometry": {"type": "Polygon", "coordinates": [[[121.283591, 25.117241], [121.304865, 25.126095], [121.332718, 25.124654], [121.366274, 25.137009], [121.391277, 25.10159], [121.401804, 25.107562], [121.412331, 25.093559], [121.402901, 25.084911], [121.408164, 25.076056], [121.380091, 25.065142], [121.35487, 25.065348], [121.342807, 25.072967], [121.338201, 25.083881], [121.324823, 25.09253], [121.302672, 25.096854], [121.282714, 25.110033], [121.283591, 25.117241]]]}}, {"type": "Feature", "properties": {"TOWNSN": "10001047", "TOWNID": "1000115", "COUNTYNAME": "新北市", "TOWNNAME": "五股區", "FULLNAME": "新北市五股區", "name": "五股區", "centroid": [121.4352, 25.0935]}, "geometry": {"type": "Polygon", "coordinates": [[[121.459046, 25.11271], [121.462555, 25.103238], [121.45466, 25.087794], [121.47089, 25.073585], [121.465626, 25.065554], [121.44808, 25.062671], [121.442159, 25.067407], [121.419569, 25.068848], [121.408164, 25.076056], [121.402901, 25.084911], [121.412331, 25.093559], [121.401804, 25.107562], [121.404655, 25.122595], [121.415621, 25.129596], [121.435798, 25.127331], [121.459046, 25.11271]]]}}, {"type": "Feature", "properties": {"TOWNSN": "10001050", "TOWNID": "1000112", "COUNTYNAME": "新北市", "TOWNNAME": "瑞芳區", "FULLNAME": "新北市瑞芳區", "name": "瑞芳區", "centroid": [121.8185, 25.0993]}, "geometry": {"type": "Polygon", "coordinates": [[[121.803158, 25.135774], [121.816098, 25.133303], [121.825529, 25.121359], [121.841758, 25.128978], [121.889789, 25.119918], [121.920932, 25.121771], [121.897685, 25.11374], [121.895711, 25.101179], [121.875533, 25.094589], [121.85733, 25.097266], [121.84746, 25.089441], [121.829696, 25.064936], [121.833863, 25.044343], [121.816756, 25.042078], [121.814124, 25.05814], [121.806009, 25.058346], [121.794824, 25.077291], [121.775743, 25.070084], [121.761707, 25.078527], [121.759952, 25.100561], [121.749863, 25.109622], [121.751837, 25.111063], [121.766751, 25.112504], [121.772892, 25.120124], [121.797675, 25.114358], [121.794605, 25.126301], [121.803158, 25.135774]]]}}, {"type": "Feature", "properties": {"TOWNSN": "10001051", "TOWNID": "1000114", "COUNTYNAME": "新北市", "TOWNNAME": "蘆洲區", "FULLNAME": "新北市蘆洲區", "name": "蘆洲區", "centroid": [121.4695, 25.0893]}, "geometry": {"type": "Polygon", "coordinates": [[[121.462555, 25.103238], [121.491067, 25.094795], [121.475276, 25.073173], [121.47089, 25.073585], [121.45466, 25.087794], [121.462555, 25.103238]]]}}, {"type": "Feature", "properties": {"TOWNSN": "10001052", "TOWNID": "1000111", "COUNTYNAME": "新北市", "TOWNNAME": "汐止區", "FULLNAME": "新北市汐止區", "name": "汐止區", "centroid": [121.659, 25.0741]}, "geometry": {"type": "Polygon", "coordinates": [[[121.626606, 25.139687], [121.643055, 25.127743], [121.648977, 25.102002], [121.655776, 25.093353], [121.699201, 25.067407], [121.71236, 25.068025], [121.728151, 25.055052], [121.730125, 25.053404], [121.712141, 25.033429], [121.703148, 25.031988], [121.695472, 25.040843], [121.684287, 25.040225], [121.665864, 25.029929], [121.650073, 25.027664], [121.624632, 25.037754], [121.616298, 25.050521], [121.616079, 25.063906], [121.62858, 25.086352], [121.626167, 25.095825], [121.595682, 25.114152], [121.607745, 25.130214], [121.626606, 25.139687]]]}}, {"type": "Feature", "properties": {"TOWNSN": "10001054", "TOWNID": "1000102", "COUNTYNAME": "新北市", "TOWNNAME": "三重區", "FULLNAME": "新北市三重區", "name": "三重區", "centroid": [121.4842, 25.0675]}, "geometry": {"type": "Polygon", "coordinates": [[[121.491067, 25.094795], [121.504665, 25.077909], [121.503787, 25.049697], [121.489532, 25.038989], [121.466284, 25.038578], [121.465626, 25.065554], [121.47089, 25.073585], [121.475276, 25.073173], [121.491067, 25.094795]]]}}, {"type": "Feature", "properties": {"TOWNSN": "10001057", "TOWNID": "1000116", "COUNTYNAME": "新北市", "TOWNNAME": "泰山區", "FULLNAME": "新北市泰山區", "name": "泰山區", "centroid": [121.4198, 25.0542]}, "geometry": {"type": "Polygon", "coordinates": [[[121.380091, 25.065142], [121.408164, 25.076056], [121.419569, 25.068848], [121.442159, 25.067407], [121.44808, 25.062671], [121.43865, 25.055875], [121.441939, 25.041461], [121.432728, 25.041255], [121.426148, 25.030135], [121.416718, 25.030547], [121.402901, 25.045579], [121.380091, 25.065142]]]}}, {"type": "Feature", "properties": {"TOWNSN": "10001058", "TOWNID": "1000126", "COUNTYNAME": "新北市", "TOWNNAME": "貢寮區", "FULLNAME": "新北市貢寮區", "name": "貢寮區", "centroid": [121.917, 25.0361]}, "geometry": {"type": "Polygon", "coordinates": [[[121.920932, 25.121771], [121.923126, 25.105297], [121.913695, 25.085322], [121.916327, 25.075232], [121.930802, 25.064112], [121.927731, 25.046197], [121.932118, 25.032606], [121.947251, 25.020044], [121.978613, 25.025604], [122.006686, 25.010778], [121.984096, 24.991833], [121.965893, 24.983184], [121.943961, 24.98792], [121.933214, 24.980919], [121.902729, 24.974329], [121.897027, 24.967122], [121.871366, 24.960738], [121.861278, 24.963621], [121.86369, 24.985449], [121.8797, 25.013661], [121.893737, 25.025192], [121.897246, 25.044961], [121.877069, 25.076674], [121.875533, 25.094589], [121.895711, 25.101179], [121.897685, 25.11374], [121.920932, 25.121771]]]}}, {"type": "Feature", "properties": {"TOWNSN": "10001059", "TOWNID": "1000105", "COUNTYNAME": "新北市", "TOWNNAME": "新莊區", "FULLNAME": "新北市新莊區", "name": "新莊區", "centroid": [121.4334, 25.0356]}, "geometry": {"type": "Polygon", "coordinates": [[[121.44808, 25.062671], [121.465626, 25.065554], [121.466284, 25.038578], [121.451589, 25.030341], [121.430096, 24.995127], [121.43207, 25.003364], [121.423736, 25.016544], [121.412112, 25.019427], [121.398295, 25.030135], [121.402901, 25.045579], [121.416718, 25.030547], [121.426148, 25.030135], [121.432728, 25.041255], [121.441939, 25.041461], [121.43865, 25.055875], [121.44808, 25.062671]]]}}, {"type": "Feature", "properties": {"TOWNSN": "10001061", "TOWNID": "1000124", "COUNTYNAME": "新北市", "TOWNNAME": "平溪區", "FULLNAME": "新北市平溪區", "name": "平溪區", "centroid": [121.7563, 25.0221]}, "geometry": {"type": "Polygon", "coordinates": [[[121.730125, 25.053404], [121.762365, 25.057111], [121.775743, 25.070084], [121.794824, 25.077291], [121.806009, 25.058346], [121.814124, 25.05814], [121.816756, 25.042078], [121.806667, 25.031576], [121.789122, 25.022927], [121.774647, 25.002541], [121.764119, 24.996157], [121.775524, 24.985449], [121.771357, 24.979683], [121.744161, 24.975153], [121.742407, 24.979683], [121.718281, 24.974947], [121.726835, 24.989362], [121.722668, 25.005424], [121.713456, 25.006041], [121.700955, 25.023339], [121.703148, 25.031988], [121.712141, 25.033429], [121.730125, 25.053404]]]}}, {"type": "Feature", "properties": {"TOWNSN": "10001067", "TOWNID": "1000104", "COUNTYNAME": "新北市", "TOWNNAME": "永和區", "FULLNAME": "新北市永和區", "name": "永和區", "centroid": [121.5133, 25.0062]}, "geometry": {"type": "Polygon", "coordinates": [[[121.493918, 25.00913], [121.512341, 25.021692], [121.53186, 25.008719], [121.530106, 24.995539], [121.516947, 24.995539], [121.514315, 25.003982], [121.493918, 25.00913]]]}}, {"type": "Feature", "properties": {"TOWNSN": "10001068", "TOWNID": "1000101", "COUNTYNAME": "新北市", "TOWNNAME": "板橋區", "FULLNAME": "新北市板橋區", "name": "板橋區", "centroid": [121.4572, 25.008]}, "geometry": {"type": "Polygon", "coordinates": [[[121.466284, 25.038578], [121.489532, 25.038989], [121.488216, 25.016132], [121.468038, 25.004394], [121.467161, 24.993068], [121.463213, 24.989156], [121.442597, 24.992862], [121.42878, 24.972064], [121.424394, 24.987302], [121.430096, 24.995127], [121.451589, 25.030341], [121.466284, 25.038578]]]}}, {"type": "Feature", "properties": {"TOWNSN": "10001071", "TOWNID": "1000125", "COUNTYNAME": "新北市", "TOWNNAME": "雙溪區", "FULLNAME": "新北市雙溪區", "name": "雙溪區", "centroid": [121.8317, 25.0021]}, "geometry": {"type": "Polygon", "coordinates": [[[121.875533, 25.094589], [121.877069, 25.076674], [121.897246, 25.044961], [121.893737, 25.025192], [121.8797, 25.013661], [121.86369, 24.985449], [121.861278, 24.963621], [121.847241, 24.960326], [121.839784, 24.942205], [121.853601, 24.925113], [121.831669, 24.904933], [121.811492, 24.90658], [121.793289, 24.899784], [121.778156, 24.919553], [121.78956, 24.940557], [121.792631, 24.98339], [121.775524, 24.985449], [121.764119, 24.996157], [121.774647, 25.002541], [121.789122, 25.022927], [121.806667, 25.031576], [121.816756, 25.042078], [121.833863, 25.044343], [121.829696, 25.064936], [121.84746, 25.089441], [121.85733, 25.097266], [121.875533, 25.094589]]]}}, {"type": "Feature", "properties": {"TOWNSN": "10001072", "TOWNID": "1000118", "COUNTYNAME": "新北市", "TOWNNAME": "深坑區", "FULLNAME": "新北市深坑區", "name": "深坑區", "centroid": [121.6136, 25.0006]}, "geometry": {"type": "Polygon", "coordinates": [[[121.597217, 25.014278], [121.604016, 25.019015], [121.622439, 25.017367], [121.640643, 25.023545], [121.639107, 24.980713], [121.620027, 24.969181], [121.600068, 24.977006], [121.601823, 24.990391], [121.597217, 25.014278]]]}}, {"type": "Feature", "properties": {"TOWNSN": "10001076", "TOWNID": "1000103", "COUNTYNAME": "新北市", "TOWNNAME": "中和區", "FULLNAME": "新北市中和區", "name": "中和區", "centroid": [121.4983, 24.9934]}, "geometry": {"type": "Polygon", "coordinates": [[[121.493918, 25.00913], [121.514315, 25.003982], [121.516947, 24.995539], [121.530106, 24.995539], [121.527255, 24.987096], [121.514973, 24.986067], [121.504226, 24.973299], [121.479882, 24.963827], [121.479224, 24.977418], [121.467161, 24.993068], [121.468038, 25.004394], [121.488216, 25.016132], [121.493918, 25.00913]]]}}, {"type": "Feature", "properties": {"TOWNSN": "10001078", "TOWNID": "1000107", "COUNTYNAME": "新北市", "TOWNNAME": "樹林區", "FULLNAME": "新北市樹林區", "name": "樹林區", "centroid": [121.4044, 24.9845]}, "geometry": {"type": "Polygon", "coordinates": [[[121.412112, 25.019427], [121.423736, 25.016544], [121.43207, 25.003364], [121.430096, 24.995127], [121.424394, 24.987302], [121.42878, 24.972064], [121.410357, 24.964651], [121.407506, 24.952089], [121.383381, 24.943852], [121.36123, 24.945294], [121.378556, 24.960738], [121.368687, 24.9768], [121.401585, 24.999246], [121.391277, 25.012219], [121.412112, 25.019427]]]}}, {"type": "Feature", "properties": {"TOWNSN": "10001079", "TOWNID": "1000113", "COUNTYNAME": "新北市", "TOWNNAME": "土城區", "FULLNAME": "新北市土城區", "name": "土城區", "centroid": [121.4458, 24.9685]}, "geometry": {"type": "Polygon", "coordinates": [[[121.467161, 24.993068], [121.479224, 24.977418], [121.479882, 24.963827], [121.457511, 24.946117], [121.436676, 24.935615], [121.409261, 24.941587], [121.407506, 24.952089], [121.410357, 24.964651], [121.42878, 24.972064], [121.442597, 24.992862], [121.463213, 24.989156], [121.467161, 24.993068]]]}}, {"type": "Feature", "properties": {"TOWNSN": "10001080", "TOWNID": "1000108", "COUNTYNAME": "新北市", "TOWNNAME": "鶯歌區", "FULLNAME": "新北市鶯歌區", "name": "鶯歌區", "centroid": [121.3389, 24.957]}, "geometry": {"type": "Polygon", "coordinates": [[[121.329867, 24.979065], [121.368687, 24.9768], [121.378556, 24.960738], [121.36123, 24.945294], [121.339737, 24.928408], [121.323068, 24.931291], [121.315831, 24.938498], [121.327893, 24.949206], [121.329648, 24.966916], [121.323726, 24.97124], [121.329867, 24.979065]]]}}, {"type": "Feature", "properties": {"TOWNSN": "10001081", "TOWNID": "1000119", "COUNTYNAME": "新北市", "TOWNNAME": "石碇區", "FULLNAME": "新北市石碇區", "name": "石碇區", "centroid": [121.6549, 24.9553]}, "geometry": {"type": "Polygon", "coordinates": [[[121.703148, 25.031988], [121.700955, 25.023339], [121.713456, 25.006041], [121.722668, 25.005424], [121.726835, 24.989362], [121.718281, 24.974947], [121.687796, 24.962797], [121.680778, 24.954766], [121.666961, 24.952501], [121.66718, 24.939734], [121.676172, 24.923054], [121.663232, 24.915023], [121.666084, 24.908433], [121.648977, 24.89546], [121.653144, 24.870337], [121.64459, 24.860659], [121.63516, 24.85757], [121.592612, 24.866219], [121.575943, 24.875073], [121.578795, 24.896078], [121.567609, 24.903491], [121.590199, 24.914611], [121.601165, 24.947147], [121.606648, 24.946323], [121.60928, 24.964033], [121.620027, 24.969181], [121.639107, 24.980713], [121.640643, 25.023545], [121.66411, 25.023339], [121.665864, 25.029929], [121.684287, 25.040225], [121.695472, 25.040843], [121.703148, 25.031988]]]}}, {"type": "Feature", "properties": {"TOWNSN": "10001082", "TOWNID": "1000106", "COUNTYNAME": "新北市", "TOWNNAME": "新店區", "FULLNAME": "新北市新店區", "name": "新店區", "centroid": [121.5342, 24.9285]}, "geometry": {"type": "Polygon", "coordinates": [[[121.527255, 24.987096], [121.533395, 24.992245], [121.552915, 24.980507], [121.561249, 24.964651], [121.574627, 24.966916], [121.596779, 24.960532], [121.60928, 24.964033], [121.606648, 24.946323], [121.601165, 24.947147], [121.590199, 24.914611], [121.567609, 24.903491], [121.578795, 24.896078], [121.575943, 24.875073], [121.564539, 24.877133], [121.5641, 24.886811], [121.540194, 24.893813], [121.526377, 24.883516], [121.508832, 24.877545], [121.488216, 24.8621], [121.48054, 24.861688], [121.471767, 24.877133], [121.486681, 24.900608], [121.491944, 24.917082], [121.484487, 24.927996], [121.459924, 24.934174], [121.457511, 24.946117], [121.479882, 24.963827], [121.504226, 24.973299], [121.514973, 24.986067], [121.527255, 24.987096]]]}}, {"type": "Feature", "properties": {"TOWNSN": "10001083", "TOWNID": "1000120", "COUNTYNAME": "新北市", "TOWNNAME": "坪林區", "FULLNAME": "新北市坪林區", "name": "坪林區", "centroid": [121.7196, 24.9169]}, "geometry": {"type": "Polygon", "coordinates": [[[121.718281, 24.974947], [121.742407, 24.979683], [121.744161, 24.975153], [121.771357, 24.979683], [121.775524, 24.985449], [121.792631, 24.98339], [121.78956, 24.940557], [121.778156, 24.919553], [121.793289, 24.899784], [121.781665, 24.889488], [121.7832, 24.87425], [121.775524, 24.865189], [121.747232, 24.853657], [121.730563, 24.855305], [121.707535, 24.838831], [121.688015, 24.849745], [121.656872, 24.849745], [121.64459, 24.860659], [121.653144, 24.870337], [121.648977, 24.89546], [121.666084, 24.908433], [121.663232, 24.915023], [121.676172, 24.923054], [121.66718, 24.939734], [121.666961, 24.952501], [121.680778, 24.954766], [121.687796, 24.962797], [121.718281, 24.974947]]]}}, {"type": "Feature", "properties": {"TOWNSN": "10001084", "TOWNID": "1000109", "COUNTYNAME": "新北市", "TOWNNAME": "三峽區", "FULLNAME": "新北市三峽區", "name": "三峽區", "centroid": [121.4164, 24.8807]}, "geometry": {"type": "Polygon", "coordinates": [[[121.457511, 24.946117], [121.459924, 24.934174], [121.484487, 24.927996], [121.491944, 24.917082], [121.486681, 24.900608], [121.471767, 24.877133], [121.48054, 24.861688], [121.488216, 24.8621], [121.496989, 24.848097], [121.486681, 24.8343], [121.481855, 24.815973], [121.455318, 24.798881], [121.450274, 24.79085], [121.438211, 24.795381], [121.436676, 24.811855], [121.415402, 24.835742], [121.393251, 24.843979], [121.372854, 24.834918], [121.35487, 24.843979], [121.335789, 24.845009], [121.353554, 24.8586], [121.345878, 24.868278], [121.342149, 24.892577], [121.320217, 24.900196], [121.326139, 24.909257], [121.317585, 24.916258], [121.339737, 24.928408], [121.36123, 24.945294], [121.383381, 24.943852], [121.407506, 24.952089], [121.409261, 24.941587], [121.436676, 24.935615], [121.457511, 24.946117]]]}}, {"type": "Feature", "properties": {"TOWNSN": "10001085", "TOWNID": "1000129", "COUNTYNAME": "新北市", "TOWNNAME": "烏來區", "FULLNAME": "新北市烏來區", "name": "烏來區", "centroid": [121.5596, 24.7983]}, "geometry": {"type": "Polygon", "coordinates": [[[121.575943, 24.875073], [121.592612, 24.866219], [121.63516, 24.85757], [121.64459, 24.860659], [121.656872, 24.849745], [121.688015, 24.849745], [121.707535, 24.838831], [121.687577, 24.824828], [121.688235, 24.816179], [121.668715, 24.816797], [121.660162, 24.811237], [121.625948, 24.808766], [121.623536, 24.794351], [121.593489, 24.78735], [121.597437, 24.772523], [121.588883, 24.755225], [121.596121, 24.748224], [121.594147, 24.729279], [121.586909, 24.720012], [121.543484, 24.705804], [121.536247, 24.6883], [121.511683, 24.684387], [121.492383, 24.673267], [121.479882, 24.673885], [121.474179, 24.696125], [121.450054, 24.705804], [121.43536, 24.73278], [121.423297, 24.762021], [121.446764, 24.782819], [121.450274, 24.79085], [121.455318, 24.798881], [121.481855, 24.815973], [121.486681, 24.8343], [121.496989, 24.848097], [121.488216, 24.8621], [121.508832, 24.877545], [121.526377, 24.883516], [121.540194, 24.893813], [121.5641, 24.886811], [121.564539, 24.877133], [121.575943, 24.875073]]]}}, {"type": "Feature", "properties": {"TOWNSN": "63000001", "TOWNID": "6300012", "COUNTYNAME": "臺北市", "TOWNNAME": "北投區", "FULLNAME": "臺北市北投區", "name": "北投區", "centroid": [121.5229, 25.1541]}, "geometry": {"type": "Polygon", "coordinates": [[[121.558836, 25.210113], [121.575724, 25.195286], [121.566732, 25.188491], [121.560372, 25.162338], [121.548748, 25.144835], [121.531422, 25.137215], [121.516947, 25.099531], [121.497866, 25.097884], [121.495234, 25.112504], [121.472425, 25.110651], [121.460801, 25.116211], [121.458827, 25.123007], [121.502471, 25.173252], [121.519578, 25.16934], [121.521552, 25.179224], [121.542607, 25.188902], [121.558836, 25.210113]]]}}, {"type": "Feature", "properties": {"TOWNSN": "63000002", "TOWNID": "6300011", "COUNTYNAME": "臺北市", "TOWNNAME": "士林區", "FULLNAME": "臺北市士林區", "name": "士林區", "centroid": [121.5397, 25.1273]}, "geometry": {"type": "Polygon", "coordinates": [[[121.552257, 25.09253], [121.539317, 25.091912], [121.52221, 25.077497], [121.504665, 25.077909], [121.491067, 25.094795], [121.462555, 25.103238], [121.459046, 25.11271], [121.460801, 25.116211], [121.472425, 25.110651], [121.495234, 25.112504], [121.497866, 25.097884], [121.516947, 25.099531], [121.531422, 25.137215], [121.548748, 25.144835], [121.560372, 25.162338], [121.566732, 25.188491], [121.575724, 25.195286], [121.582742, 25.19508], [121.583181, 25.176959], [121.576821, 25.167074], [121.589541, 25.16378], [121.598314, 25.140304], [121.607745, 25.130214], [121.595682, 25.114152], [121.588006, 25.113946], [121.552257, 25.09253]]]}}, {"type": "Feature", "properties": {"TOWNSN": "63000003", "TOWNID": "6300010", "COUNTYNAME": "臺北市", "TOWNNAME": "內湖區", "FULLNAME": "臺北市內湖區", "name": "內湖區", "centroid": [121.5905, 25.0801]}, "geometry": {"type": "Polygon", "coordinates": [[[121.571338, 25.074408], [121.552257, 25.09253], [121.588006, 25.113946], [121.595682, 25.114152], [121.626167, 25.095825], [121.62858, 25.086352], [121.616079, 25.063906], [121.592831, 25.059994], [121.581426, 25.053198], [121.571338, 25.052786], [121.571338, 25.074408]]]}}, {"type": "Feature", "properties": {"TOWNSN": "63000004", "TOWNID": "6300004", "COUNTYNAME": "臺北市", "TOWNNAME": "中山區", "FULLNAME": "臺北市中山區", "name": "中山區", "centroid": [121.54, 25.0696]}, "geometry": {"type": "Polygon", "coordinates": [[[121.52221, 25.077497], [121.539317, 25.091912], [121.552257, 25.09253], [121.571338, 25.074408], [121.553573, 25.076468], [121.544361, 25.066583], [121.543703, 25.044961], [121.532957, 25.045373], [121.517605, 25.048462], [121.52221, 25.077497]]]}}, {"type": "Feature", "properties": {"TOWNSN": "63000005", "TOWNID": "6300006", "COUNTYNAME": "臺北市", "TOWNNAME": "大同區", "FULLNAME": "臺北市大同區", "name": "大同區", "centroid": [121.5104, 25.0633]}, "geometry": {"type": "Polygon", "coordinates": [[[121.504665, 25.077909], [121.52221, 25.077497], [121.517605, 25.048462], [121.50949, 25.048256], [121.503787, 25.049697], [121.504665, 25.077909]]]}}, {"type": "Feature", "properties": {"TOWNSN": "63000006", "TOWNID": "6300001", "COUNTYNAME": "臺北市", "TOWNNAME": "松山區", "FULLNAME": "臺北市松山區", "name": "松山區", "centroid": [121.5608, 25.0564]}, "geometry": {"type": "Polygon", "coordinates": [[[121.543703, 25.044961], [121.544361, 25.066583], [121.553573, 25.076468], [121.571338, 25.074408], [121.571338, 25.052786], [121.581426, 25.053198], [121.58011, 25.04908], [121.55774, 25.045167], [121.543703, 25.044961]]]}}, {"type": "Feature", "properties": {"TOWNSN": "63000007", "TOWNID": "6300009", "COUNTYNAME": "臺北市", "TOWNNAME": "南港區", "FULLNAME": "臺北市南港區", "name": "南港區", "centroid": [121.6151, 25.0361]}, "geometry": {"type": "Polygon", "coordinates": [[[121.616079, 25.063906], [121.616298, 25.050521], [121.624632, 25.037754], [121.650073, 25.027664], [121.665864, 25.029929], [121.66411, 25.023339], [121.640643, 25.023545], [121.622439, 25.017367], [121.604016, 25.019015], [121.597217, 25.014278], [121.577917, 25.013867], [121.591515, 25.030341], [121.58011, 25.04908], [121.581426, 25.053198], [121.592831, 25.059994], [121.616079, 25.063906]]]}}, {"type": "Feature", "properties": {"TOWNSN": "63000008", "TOWNID": "6300007", "COUNTYNAME": "臺北市", "TOWNNAME": "萬華區", "FULLNAME": "臺北市萬華區", "name": "萬華區", "centroid": [121.5014, 25.0328]}, "geometry": {"type": "Polygon", "coordinates": [[[121.50949, 25.048256], [121.504226, 25.029929], [121.512341, 25.021692], [121.493918, 25.00913], [121.488216, 25.016132], [121.489532, 25.038989], [121.503787, 25.049697], [121.50949, 25.048256]]]}}, {"type": "Feature", "properties": {"TOWNSN": "63000009", "TOWNID": "6300005", "COUNTYNAME": "臺北市", "TOWNNAME": "中正區", "FULLNAME": "臺北市中正區", "name": "中正區", "centroid": [121.521, 25.0323]}, "geometry": {"type": "Polygon", "coordinates": [[[121.50949, 25.048256], [121.517605, 25.048462], [121.532957, 25.045373], [121.532738, 25.033635], [121.521772, 25.028075], [121.537124, 25.010984], [121.53186, 25.008719], [121.512341, 25.021692], [121.504226, 25.029929], [121.50949, 25.048256]]]}}, {"type": "Feature", "properties": {"TOWNSN": "63000010", "TOWNID": "6300002", "COUNTYNAME": "臺北市", "TOWNNAME": "信義區", "FULLNAME": "臺北市信義區", "name": "信義區", "centroid": [121.5691, 25.0309]}, "geometry": {"type": "Polygon", "coordinates": [[[121.55774, 25.045167], [121.58011, 25.04908], [121.591515, 25.030341], [121.577917, 25.013867], [121.565855, 25.008101], [121.552476, 25.024369], [121.55774, 25.045167]]]}}, {"type": "Feature", "properties": {"TOWNSN": "63000011", "TOWNID": "6300003", "COUNTYNAME": "臺北市", "TOWNNAME": "大安區", "FULLNAME": "臺北市大安區", "name": "大安區", "centroid": [121.5419, 25.0318]}, "geometry": {"type": "Polygon", "coordinates": [[[121.532957, 25.045373], [121.543703, 25.044961], [121.55774, 25.045167], [121.552476, 25.024369], [121.565855, 25.008101], [121.537124, 25.010984], [121.521772, 25.028075], [121.532738, 25.033635], [121.532957, 25.045373]]]}}, {"type": "Feature", "properties": {"TOWNSN": "63000012", "TOWNID": "6300008", "COUNTYNAME": "臺北市", "TOWNNAME": "文山區", "FULLNAME": "臺北市文山區", "name": "文山區", "centroid": [121.5703, 24.9893]}, "geometry": {"type": "Polygon", "coordinates": [[[121.577917, 25.013867], [121.597217, 25.014278], [121.601823, 24.990391], [121.600068, 24.977006], [121.620027, 24.969181], [121.60928, 24.964033], [121.596779, 24.960532], [121.574627, 24.966916], [121.561249, 24.964651], [121.552915, 24.980507], [121.533395, 24.992245], [121.527255, 24.987096], [121.530106, 24.995539], [121.53186, 25.008719], [121.537124, 25.010984], [121.565855, 25.008101], [121.577917, 25.013867]]]}}, {"type": "Feature", "properties": {"TOWNSN": "10011001", "TOWNID": "1001105", "COUNTYNAME": "臺南市", "TOWNNAME": "後壁區", "FULLNAME": "臺南市後壁區", "name": "後壁區", "centroid": [120.3466, 23.3633]}, "geometry": {"type": "Polygon", "coordinates": [[[120.355871, 23.401683], [120.386795, 23.404772], [120.387672, 23.390975], [120.399516, 23.390358], [120.405218, 23.368324], [120.38833, 23.365441], [120.390304, 23.3397], [120.381093, 23.325491], [120.358942, 23.322814], [120.352581, 23.31396], [120.351704, 23.325697], [120.329992, 23.332287], [120.315516, 23.332287], [120.295997, 23.34073], [120.286347, 23.350202], [120.284592, 23.363381], [120.292707, 23.375325], [120.310911, 23.375325], [120.311349, 23.386033], [120.33372, 23.385827], [120.349511, 23.401272], [120.355871, 23.401683]]]}}, {"type": "Feature", "properties": {"TOWNSN": "10011002", "TOWNID": "1001103", "COUNTYNAME": "臺南市", "TOWNNAME": "白河區", "FULLNAME": "臺南市白河區", "name": "白河區", "centroid": [120.4597, 23.3586]}, "geometry": {"type": "Polygon", "coordinates": [[[120.386795, 23.404772], [120.408069, 23.413421], [120.43044, 23.406626], [120.438116, 23.413421], [120.473426, 23.398183], [120.479567, 23.387475], [120.495139, 23.393241], [120.499306, 23.387886], [120.484392, 23.379444], [120.494262, 23.369559], [120.504789, 23.368941], [120.515535, 23.343613], [120.533739, 23.336405], [120.540099, 23.327962], [120.522554, 23.311694], [120.526063, 23.292543], [120.521896, 23.287395], [120.495797, 23.299339], [120.485927, 23.293573], [120.447327, 23.306134], [120.431536, 23.320549], [120.3982, 23.3397], [120.390304, 23.3397], [120.38833, 23.365441], [120.405218, 23.368324], [120.399516, 23.390358], [120.387672, 23.390975], [120.386795, 23.404772]]]}}, {"type": "Feature", "properties": {"TOWNSN": "10011003", "TOWNID": "1001102", "COUNTYNAME": "臺南市", "TOWNNAME": "鹽水區", "FULLNAME": "臺南市鹽水區", "name": "鹽水區", "centroid": [120.2492, 23.2958]}, "geometry": {"type": "Polygon", "coordinates": [[[120.286347, 23.350202], [120.295997, 23.34073], [120.292927, 23.324668], [120.269898, 23.315195], [120.276258, 23.30284], [120.257616, 23.284306], [120.248405, 23.285336], [120.255862, 23.256507], [120.263099, 23.254241], [120.243141, 23.244357], [120.228666, 23.24724], [120.222525, 23.261243], [120.200813, 23.258566], [120.19182, 23.265773], [120.210682, 23.277305], [120.212436, 23.29172], [120.220771, 23.296044], [120.237878, 23.326933], [120.2563, 23.331051], [120.276258, 23.348143], [120.286347, 23.350202]]]}}, {"type": "Feature", "properties": {"TOWNSN": "10011004", "TOWNID": "1001101", "COUNTYNAME": "臺南市", "TOWNNAME": "新營區", "FULLNAME": "臺南市新營區", "name": "新營區", "centroid": [120.2977, 23.3021]}, "geometry": {"type": "Polygon", "coordinates": [[[120.295997, 23.34073], [120.315516, 23.332287], [120.329992, 23.332287], [120.351704, 23.325697], [120.352581, 23.31396], [120.341615, 23.318902], [120.331527, 23.303869], [120.324289, 23.296044], [120.292927, 23.293985], [120.293585, 23.283277], [120.283496, 23.275246], [120.280425, 23.261861], [120.263099, 23.254241], [120.255862, 23.256507], [120.248405, 23.285336], [120.257616, 23.284306], [120.276258, 23.30284], [120.269898, 23.315195], [120.292927, 23.324668], [120.295997, 23.34073]]]}}, {"type": "Feature", "properties": {"TOWNSN": "10011005", "TOWNID": "1001117", "COUNTYNAME": "臺南市", "TOWNNAME": "北門區", "FULLNAME": "臺南市北門區", "name": "北門區", "centroid": [120.1344, 23.2794]}, "geometry": {"type": "Polygon", "coordinates": [[[120.118129, 23.340112], [120.162651, 23.310047], [120.184144, 23.290278], [120.167037, 23.277511], [120.15651, 23.288837], [120.15015, 23.281835], [120.152343, 23.267627], [120.133482, 23.253212], [120.143132, 23.241268], [120.135675, 23.228913], [120.096417, 23.225412], [120.087425, 23.238179], [120.095759, 23.284101], [120.115717, 23.32302], [120.118129, 23.340112]]]}}, {"type": "Feature", "properties": {"TOWNSN": "10011006", "TOWNID": "1001106", "COUNTYNAME": "臺南市", "TOWNNAME": "東山區", "FULLNAME": "臺南市東山區", "name": "東山區", "centroid": [120.4214, 23.2878]}, "geometry": {"type": "Polygon", "coordinates": [[[120.352581, 23.31396], [120.358942, 23.322814], [120.381093, 23.325491], [120.390304, 23.3397], [120.3982, 23.3397], [120.431536, 23.320549], [120.447327, 23.306134], [120.485927, 23.293573], [120.495797, 23.299339], [120.521896, 23.287395], [120.520361, 23.271745], [120.531984, 23.255477], [120.519483, 23.239415], [120.493384, 23.220676], [120.477155, 23.222941], [120.434607, 23.236944], [120.424079, 23.245387], [120.412675, 23.263302], [120.390962, 23.265361], [120.392278, 23.285954], [120.378022, 23.28966], [120.349511, 23.304899], [120.342054, 23.294603], [120.331527, 23.303869], [120.341615, 23.318902], [120.352581, 23.31396]]]}}, {"type": "Feature", "properties": {"TOWNSN": "10011007", "TOWNID": "1001104", "COUNTYNAME": "臺南市", "TOWNNAME": "柳營區", "FULLNAME": "臺南市柳營區", "name": "柳營區", "centroid": [120.346, 23.2708]}, "geometry": {"type": "Polygon", "coordinates": [[[120.280425, 23.261861], [120.283496, 23.275246], [120.293585, 23.283277], [120.292927, 23.293985], [120.324289, 23.296044], [120.331527, 23.303869], [120.342054, 23.294603], [120.349511, 23.304899], [120.378022, 23.28966], [120.392278, 23.285954], [120.390962, 23.265361], [120.412675, 23.263302], [120.424079, 23.245387], [120.422106, 23.239209], [120.40127, 23.230354], [120.350388, 23.243945], [120.351704, 23.251976], [120.319245, 23.263508], [120.299287, 23.262478], [120.280425, 23.261861]]]}}, {"type": "Feature", "properties": {"TOWNSN": "10011008", "TOWNID": "1001113", "COUNTYNAME": "臺南市", "TOWNNAME": "學甲區", "FULLNAME": "臺南市學甲區", "name": "學甲區", "centroid": [120.1851, 23.2563]}, "geometry": {"type": "Polygon", "coordinates": [[[120.212436, 23.29172], [120.210682, 23.277305], [120.19182, 23.265773], [120.200813, 23.258566], [120.222525, 23.261243], [120.228666, 23.24724], [120.232175, 23.24168], [120.220771, 23.231384], [120.207611, 23.214292], [120.19204, 23.209556], [120.177126, 23.213262], [120.174933, 23.223147], [120.161993, 23.237768], [120.135675, 23.228913], [120.143132, 23.241268], [120.133482, 23.253212], [120.152343, 23.267627], [120.15015, 23.281835], [120.15651, 23.288837], [120.167037, 23.277511], [120.184144, 23.290278], [120.188531, 23.301192], [120.212436, 23.29172]]]}}, {"type": "Feature", "properties": {"TOWNSN": "10011009", "TOWNID": "1001108", "COUNTYNAME": "臺南市", "TOWNNAME": "下營區", "FULLNAME": "臺南市下營區", "name": "下營區", "centroid": [120.2687, 23.2381]}, "geometry": {"type": "Polygon", "coordinates": [[[120.280425, 23.261861], [120.299287, 23.262478], [120.299287, 23.248064], [120.286786, 23.236532], [120.293146, 23.223353], [120.287005, 23.216351], [120.290075, 23.202143], [120.257178, 23.201319], [120.220771, 23.231384], [120.232175, 23.24168], [120.228666, 23.24724], [120.243141, 23.244357], [120.263099, 23.254241], [120.280425, 23.261861]]]}}, {"type": "Feature", "properties": {"TOWNSN": "10011010", "TOWNID": "1001109", "COUNTYNAME": "臺南市", "TOWNNAME": "六甲區", "FULLNAME": "臺南市六甲區", "name": "六甲區", "centroid": [120.3724, 23.2281]}, "geometry": {"type": "Polygon", "coordinates": [[[120.299287, 23.262478], [120.319245, 23.263508], [120.351704, 23.251976], [120.350388, 23.243945], [120.40127, 23.230354], [120.422106, 23.239209], [120.424079, 23.245387], [120.434607, 23.236944], [120.477155, 23.222941], [120.458074, 23.192258], [120.447766, 23.199671], [120.430001, 23.200701], [120.413552, 23.206673], [120.392936, 23.206467], [120.380435, 23.195965], [120.370346, 23.215528], [120.342931, 23.214292], [120.344247, 23.219646], [120.327579, 23.228501], [120.293146, 23.223353], [120.286786, 23.236532], [120.299287, 23.248064], [120.299287, 23.262478]]]}}, {"type": "Feature", "properties": {"TOWNSN": "10011011", "TOWNID": "1001116", "COUNTYNAME": "臺南市", "TOWNNAME": "將軍區", "FULLNAME": "臺南市將軍區", "name": "將軍區", "centroid": [120.1209, 23.2087]}, "geometry": {"type": "Polygon", "coordinates": [[[120.087425, 23.238179], [120.096417, 23.225412], [120.135675, 23.228913], [120.161993, 23.237768], [120.174933, 23.223147], [120.177126, 23.213262], [120.168573, 23.184227], [120.151246, 23.186904], [120.139842, 23.195759], [120.126463, 23.1937], [120.127999, 23.182374], [120.103216, 23.183198], [120.083696, 23.188963], [120.069221, 23.183403], [120.08238, 23.209968], [120.082161, 23.235296], [120.087425, 23.238179]]]}}, {"type": "Feature", "properties": {"TOWNSN": "10011012", "TOWNID": "1001110", "COUNTYNAME": "臺南市", "TOWNNAME": "官田區", "FULLNAME": "臺南市官田區", "name": "官田區", "centroid": [120.3518, 23.1966]}, "geometry": {"type": "Polygon", "coordinates": [[[120.293146, 23.223353], [120.327579, 23.228501], [120.344247, 23.219646], [120.342931, 23.214292], [120.370346, 23.215528], [120.380435, 23.195965], [120.392936, 23.206467], [120.413552, 23.206673], [120.430001, 23.200701], [120.414868, 23.178461], [120.397103, 23.173313], [120.391401, 23.163429], [120.371881, 23.165282], [120.345783, 23.151073], [120.307182, 23.174549], [120.289856, 23.17599], [120.290075, 23.202143], [120.287005, 23.216351], [120.293146, 23.223353]]]}}, {"type": "Feature", "properties": {"TOWNSN": "10011013", "TOWNID": "1001107", "COUNTYNAME": "臺南市", "TOWNNAME": "麻豆區", "FULLNAME": "臺南市麻豆區", "name": "麻豆區", "centroid": [120.2358, 23.1831]}, "geometry": {"type": "Polygon", "coordinates": [[[120.19204, 23.209556], [120.207611, 23.214292], [120.220771, 23.231384], [120.257178, 23.201319], [120.290075, 23.202143], [120.289856, 23.17599], [120.266389, 23.170224], [120.26288, 23.142013], [120.254984, 23.135011], [120.241606, 23.130687], [120.21441, 23.160134], [120.215726, 23.183609], [120.196207, 23.196789], [120.19204, 23.209556]]]}}, {"type": "Feature", "properties": {"TOWNSN": "10011014", "TOWNID": "1001124", "COUNTYNAME": "臺南市", "TOWNNAME": "楠西區", "FULLNAME": "臺南市楠西區", "name": "楠西區", "centroid": [120.5147, 23.1783]}, "geometry": {"type": "Polygon", "coordinates": [[[120.477155, 23.222941], [120.493384, 23.220676], [120.519483, 23.239415], [120.526501, 23.230972], [120.541634, 23.227677], [120.554794, 23.217587], [120.565321, 23.220882], [120.578261, 23.214704], [120.580015, 23.203172], [120.558741, 23.166312], [120.543389, 23.143866], [120.550407, 23.131716], [120.548653, 23.118743], [120.527159, 23.116272], [120.507859, 23.125127], [120.50457, 23.117919], [120.487901, 23.123685], [120.487024, 23.1381], [120.475181, 23.148396], [120.473426, 23.166106], [120.45939, 23.180315], [120.456977, 23.189993], [120.458074, 23.192258], [120.477155, 23.222941]]]}}, {"type": "Feature", "properties": {"TOWNSN": "10011015", "TOWNID": "1001112", "COUNTYNAME": "臺南市", "TOWNNAME": "佳里區", "FULLNAME": "臺南市佳里區", "name": "佳里區", "centroid": [120.1769, 23.1686]}, "geometry": {"type": "Polygon", "coordinates": [[[120.177126, 23.213262], [120.19204, 23.209556], [120.196207, 23.196789], [120.215726, 23.183609], [120.21441, 23.160134], [120.192478, 23.159722], [120.195988, 23.151279], [120.174056, 23.136453], [120.171424, 23.12142], [120.151685, 23.122656], [120.148834, 23.134393], [120.158923, 23.157251], [120.144886, 23.166724], [120.151246, 23.186904], [120.168573, 23.184227], [120.177126, 23.213262]]]}}, {"type": "Feature", "properties": {"TOWNSN": "10011016", "TOWNID": "1001111", "COUNTYNAME": "臺南市", "TOWNNAME": "大內區", "FULLNAME": "臺南市大內區", "name": "大內區", "centroid": [120.4071, 23.151]}, "geometry": {"type": "Polygon", "coordinates": [[[120.430001, 23.200701], [120.447766, 23.199671], [120.458074, 23.192258], [120.456977, 23.189993], [120.433729, 23.15375], [120.431317, 23.13707], [120.4368, 23.12245], [120.418377, 23.104534], [120.417938, 23.111536], [120.402586, 23.115654], [120.399077, 23.107829], [120.368811, 23.100004], [120.34973, 23.114625], [120.339422, 23.137688], [120.345783, 23.151073], [120.371881, 23.165282], [120.391401, 23.163429], [120.397103, 23.173313], [120.414868, 23.178461], [120.430001, 23.200701]]]}}, {"type": "Feature", "properties": {"TOWNSN": "10011017", "TOWNID": "1001119", "COUNTYNAME": "臺南市", "TOWNNAME": "善化區", "FULLNAME": "臺南市善化區", "name": "善化區", "centroid": [120.2949, 23.1381]}, "geometry": {"type": "Polygon", "coordinates": [[[120.289856, 23.17599], [120.307182, 23.174549], [120.345783, 23.151073], [120.339422, 23.137688], [120.331088, 23.118537], [120.332843, 23.106594], [120.309595, 23.110712], [120.274942, 23.111124], [120.255862, 23.107829], [120.267266, 23.116478], [120.254984, 23.135011], [120.26288, 23.142013], [120.266389, 23.170224], [120.289856, 23.17599]]]}}, {"type": "Feature", "properties": {"TOWNSN": "10011018", "TOWNID": "1001123", "COUNTYNAME": "臺南市", "TOWNNAME": "玉井區", "FULLNAME": "臺南市玉井區", "name": "玉井區", "centroid": [120.4649, 23.1172]}, "geometry": {"type": "Polygon", "coordinates": [[[120.456977, 23.189993], [120.45939, 23.180315], [120.473426, 23.166106], [120.475181, 23.148396], [120.487024, 23.1381], [120.487901, 23.123685], [120.50457, 23.117919], [120.507859, 23.125127], [120.527159, 23.116272], [120.515316, 23.095268], [120.499745, 23.087237], [120.484612, 23.091149], [120.479348, 23.073234], [120.467505, 23.071792], [120.456758, 23.084354], [120.441844, 23.076117], [120.435484, 23.063349], [120.414868, 23.069939], [120.406315, 23.086825], [120.418377, 23.104534], [120.4368, 23.12245], [120.431317, 23.13707], [120.433729, 23.15375], [120.456977, 23.189993]]]}}, {"type": "Feature", "properties": {"TOWNSN": "10011019", "TOWNID": "1001114", "COUNTYNAME": "臺南市", "TOWNNAME": "西港區", "FULLNAME": "臺南市西港區", "name": "西港區", "centroid": [120.1957, 23.1254]}, "geometry": {"type": "Polygon", "coordinates": [[[120.21441, 23.160134], [120.241606, 23.130687], [120.202786, 23.107211], [120.203006, 23.100004], [120.187434, 23.083118], [120.17274, 23.08353], [120.178223, 23.111124], [120.171424, 23.12142], [120.174056, 23.136453], [120.195988, 23.151279], [120.192478, 23.159722], [120.21441, 23.160134]]]}}, {"type": "Feature", "properties": {"TOWNSN": "10011020", "TOWNID": "1001115", "COUNTYNAME": "臺南市", "TOWNNAME": "七股區", "FULLNAME": "臺南市七股區", "name": "七股區", "centroid": [120.1143, 23.136]}, "geometry": {"type": "Polygon", "coordinates": [[[120.069221, 23.183403], [120.083696, 23.188963], [120.103216, 23.183198], [120.127999, 23.182374], [120.126463, 23.1937], [120.139842, 23.195759], [120.151246, 23.186904], [120.144886, 23.166724], [120.158923, 23.157251], [120.148834, 23.134393], [120.151685, 23.122656], [120.171424, 23.12142], [120.178223, 23.111124], [120.17274, 23.08353], [120.149053, 23.091355], [120.101022, 23.084972], [120.074265, 23.059025], [120.062642, 23.043169], [120.031718, 23.07344], [120.035446, 23.101034], [120.061764, 23.143454], [120.069221, 23.183403]]]}}, {"type": "Feature", "properties": {"TOWNSN": "10011021", "TOWNID": "1001125", "COUNTYNAME": "臺南市", "TOWNNAME": "南化區", "FULLNAME": "臺南市南化區", "name": "南化區", "centroid": [120.5376, 23.1146]}, "geometry": {"type": "Polygon", "coordinates": [[[120.578261, 23.214704], [120.597342, 23.228913], [120.609843, 23.222529], [120.628266, 23.229325], [120.653487, 23.224588], [120.651513, 23.208526], [120.6366, 23.190405], [120.640109, 23.18258], [120.631117, 23.17043], [120.616642, 23.163017], [120.588569, 23.123479], [120.58813, 23.114213], [120.574752, 23.091355], [120.553258, 23.06788], [120.541415, 23.06232], [120.531546, 23.056554], [120.502157, 23.027519], [120.482638, 23.015575], [120.478471, 23.003425], [120.460267, 23.003425], [120.446231, 23.010839], [120.438993, 23.023194], [120.438554, 23.045228], [120.431098, 23.05017], [120.435484, 23.063349], [120.441844, 23.076117], [120.456758, 23.084354], [120.467505, 23.071792], [120.479348, 23.073234], [120.484612, 23.091149], [120.499745, 23.087237], [120.515316, 23.095268], [120.527159, 23.116272], [120.548653, 23.118743], [120.550407, 23.131716], [120.543389, 23.143866], [120.558741, 23.166312], [120.580015, 23.203172], [120.578261, 23.214704]]]}}, {"type": "Feature", "properties": {"TOWNSN": "10011022", "TOWNID": "1001122", "COUNTYNAME": "臺南市", "TOWNNAME": "山上區", "FULLNAME": "臺南市山上區", "name": "山上區", "centroid": [120.3689, 23.1008]}, "geometry": {"type": "Polygon", "coordinates": [[[120.332843, 23.106594], [120.331088, 23.118537], [120.339422, 23.137688], [120.34973, 23.114625], [120.368811, 23.100004], [120.399077, 23.107829], [120.402586, 23.115654], [120.417938, 23.111536], [120.418377, 23.104534], [120.406315, 23.086825], [120.384602, 23.075499], [120.376707, 23.080853], [120.358503, 23.071586], [120.340519, 23.08353], [120.342493, 23.090531], [120.332843, 23.106594]]]}}, {"type": "Feature", "properties": {"TOWNSN": "10011023", "TOWNID": "1001121", "COUNTYNAME": "臺南市", "TOWNNAME": "安定區", "FULLNAME": "臺南市安定區", "name": "安定區", "centroid": [120.2344, 23.1025]}, "geometry": {"type": "Polygon", "coordinates": [[[120.241606, 23.130687], [120.254984, 23.135011], [120.267266, 23.116478], [120.255862, 23.107829], [120.248405, 23.099592], [120.247747, 23.078176], [120.241167, 23.066438], [120.22099, 23.075293], [120.187434, 23.083118], [120.203006, 23.100004], [120.202786, 23.107211], [120.241606, 23.130687]]]}}, {"type": "Feature", "properties": {"TOWNSN": "10011024", "TOWNID": "1001120", "COUNTYNAME": "臺南市", "TOWNNAME": "新市區", "FULLNAME": "臺南市新市區", "name": "新市區", "centroid": [120.2867, 23.0861]}, "geometry": {"type": "Polygon", "coordinates": [[[120.255862, 23.107829], [120.274942, 23.111124], [120.309595, 23.110712], [120.332843, 23.106594], [120.342493, 23.090531], [120.340519, 23.08353], [120.337229, 23.06788], [120.302796, 23.053259], [120.277794, 23.056348], [120.247089, 23.065615], [120.241167, 23.066438], [120.247747, 23.078176], [120.248405, 23.099592], [120.255862, 23.107829]]]}}, {"type": "Feature", "properties": {"TOWNSN": "10011025", "TOWNID": "1001118", "COUNTYNAME": "臺南市", "TOWNNAME": "新化區", "FULLNAME": "臺南市新化區", "name": "新化區", "centroid": [120.3338, 23.0336]}, "geometry": {"type": "Polygon", "coordinates": [[[120.340519, 23.08353], [120.358503, 23.071586], [120.374733, 23.049347], [120.37868, 23.034726], [120.375391, 23.020517], [120.388988, 23.019899], [120.392717, 23.007544], [120.35302, 23.000337], [120.343809, 22.988599], [120.334817, 22.994159], [120.328676, 23.009809], [120.295778, 23.013722], [120.292488, 23.015781], [120.283935, 23.019693], [120.28876, 23.033284], [120.286786, 23.047493], [120.277794, 23.056348], [120.302796, 23.053259], [120.337229, 23.06788], [120.340519, 23.08353]]]}}, {"type": "Feature", "properties": {"TOWNSN": "10011026", "TOWNID": "1001131", "COUNTYNAME": "臺南市", "TOWNNAME": "永康區", "FULLNAME": "臺南市永康區", "name": "永康區", "centroid": [120.2556, 23.0265]}, "geometry": {"type": "Polygon", "coordinates": [[[120.247089, 23.065615], [120.277794, 23.056348], [120.286786, 23.047493], [120.28876, 23.033284], [120.283935, 23.019693], [120.292488, 23.015781], [120.274942, 23.011045], [120.273407, 22.993747], [120.267266, 22.996424], [120.247747, 22.990658], [120.233052, 22.998483], [120.229324, 23.010427], [120.209366, 23.022782], [120.219455, 23.028548], [120.225376, 23.042139], [120.241167, 23.052024], [120.247089, 23.065615]]]}}, {"type": "Feature", "properties": {"TOWNSN": "10011027", "TOWNID": "1001126", "COUNTYNAME": "臺南市", "TOWNNAME": "左鎮區", "FULLNAME": "臺南市左鎮區", "name": "左鎮區", "centroid": [120.4101, 23.0274]}, "geometry": {"type": "Polygon", "coordinates": [[[120.358503, 23.071586], [120.376707, 23.080853], [120.384602, 23.075499], [120.406315, 23.086825], [120.414868, 23.069939], [120.435484, 23.063349], [120.431098, 23.05017], [120.438554, 23.045228], [120.438993, 23.023194], [120.446231, 23.010839], [120.460267, 23.003425], [120.453249, 22.978509], [120.444915, 22.979538], [120.435265, 22.959358], [120.425395, 22.967595], [120.405657, 22.971919], [120.40785, 22.989628], [120.392717, 23.007544], [120.388988, 23.019899], [120.375391, 23.020517], [120.37868, 23.034726], [120.374733, 23.049347], [120.358503, 23.071586]]]}}, {"type": "Feature", "properties": {"TOWNSN": "10011028", "TOWNID": "1001130", "COUNTYNAME": "臺南市", "TOWNNAME": "龍崎區", "FULLNAME": "臺南市龍崎區", "name": "龍崎區", "centroid": [120.3823, 22.9553]}, "geometry": {"type": "Polygon", "coordinates": [[[120.35302, 23.000337], [120.392717, 23.007544], [120.40785, 22.989628], [120.405657, 22.971919], [120.425395, 22.967595], [120.435265, 22.959358], [120.416403, 22.916319], [120.408727, 22.912407], [120.398638, 22.922497], [120.380435, 22.920026], [120.371662, 22.910759], [120.35938, 22.905611], [120.352362, 22.916937], [120.347318, 22.954415], [120.357845, 22.967389], [120.36925, 22.960799], [120.371004, 22.977273], [120.357187, 22.989217], [120.35302, 23.000337]]]}}, {"type": "Feature", "properties": {"TOWNSN": "10011029", "TOWNID": "1001128", "COUNTYNAME": "臺南市", "TOWNNAME": "歸仁區", "FULLNAME": "臺南市歸仁區", "name": "歸仁區", "centroid": [120.2906, 22.9603]}, "geometry": {"type": "Polygon", "coordinates": [[[120.292488, 23.015781], [120.295778, 23.013722], [120.300383, 22.995188], [120.296216, 22.982421], [120.309814, 22.975626], [120.313762, 22.962446], [120.326702, 22.943089], [120.316613, 22.898404], [120.278013, 22.904376], [120.278232, 22.896139], [120.269898, 22.896756], [120.261564, 22.916113], [120.269679, 22.943501], [120.273407, 22.993747], [120.274942, 23.011045], [120.292488, 23.015781]]]}}, {"type": "Feature", "properties": {"TOWNSN": "10011030", "TOWNID": "1001129", "COUNTYNAME": "臺南市", "TOWNNAME": "關廟區", "FULLNAME": "臺南市關廟區", "name": "關廟區", "centroid": [120.3352, 22.9582]}, "geometry": {"type": "Polygon", "coordinates": [[[120.295778, 23.013722], [120.328676, 23.009809], [120.334817, 22.994159], [120.343809, 22.988599], [120.35302, 23.000337], [120.357187, 22.989217], [120.371004, 22.977273], [120.36925, 22.960799], [120.357845, 22.967389], [120.347318, 22.954415], [120.352362, 22.916937], [120.35938, 22.905611], [120.371662, 22.910759], [120.351046, 22.888108], [120.332404, 22.889343], [120.32407, 22.900257], [120.316613, 22.898404], [120.326702, 22.943089], [120.313762, 22.962446], [120.309814, 22.975626], [120.296216, 22.982421], [120.300383, 22.995188], [120.295778, 23.013722]]]}}, {"type": "Feature", "properties": {"TOWNSN": "10011031", "TOWNID": "1001127", "COUNTYNAME": "臺南市", "TOWNNAME": "仁德區", "FULLNAME": "臺南市仁德區", "name": "仁德區", "centroid": [120.2451, 22.9492]}, "geometry": {"type": "Polygon", "coordinates": [[[120.273407, 22.993747], [120.269679, 22.943501], [120.261564, 22.916113], [120.269898, 22.896756], [120.257397, 22.898404], [120.251914, 22.895109], [120.19204, 22.921261], [120.201251, 22.944943], [120.216604, 22.945149], [120.216823, 22.960593], [120.237878, 22.961005], [120.238974, 22.97995], [120.247747, 22.990658], [120.267266, 22.996424], [120.273407, 22.993747]]]}}, {"type": "Feature", "properties": {"TOWNSN": "10021001", "TOWNID": "1002106", "COUNTYNAME": "臺南市", "TOWNNAME": "安南區", "FULLNAME": "臺南市安南區", "name": "安南區", "centroid": [120.169, 23.0486]}, "geometry": {"type": "Polygon", "coordinates": [[[120.17274, 23.08353], [120.187434, 23.083118], [120.22099, 23.075293], [120.241167, 23.066438], [120.247089, 23.065615], [120.241167, 23.052024], [120.225376, 23.042139], [120.219455, 23.028548], [120.209366, 23.022782], [120.193575, 23.020105], [120.178003, 23.009809], [120.159361, 23.005691], [120.138745, 22.99663], [120.109137, 23.019487], [120.077117, 23.038227], [120.062642, 23.043169], [120.074265, 23.059025], [120.101022, 23.084972], [120.149053, 23.091355], [120.17274, 23.08353]]]}}, {"type": "Feature", "properties": {"TOWNSN": "10021002", "TOWNID": "1002104", "COUNTYNAME": "臺南市", "TOWNNAME": "北區", "FULLNAME": "臺南市北區", "name": "北區", "centroid": [120.2048, 23.0098]}, "geometry": {"type": "Polygon", "coordinates": [[[120.178003, 23.009809], [120.193575, 23.020105], [120.209366, 23.022782], [120.229324, 23.010427], [120.233052, 22.998483], [120.212217, 22.997454], [120.178003, 23.009809]]]}}, {"type": "Feature", "properties": {"TOWNSN": "10021003", "TOWNID": "1002102", "COUNTYNAME": "臺南市", "TOWNNAME": "中西區", "FULLNAME": "臺南市中西區", "name": "中西區", "centroid": [120.1869, 22.9961]}, "geometry": {"type": "Polygon", "coordinates": [[[120.159361, 23.005691], [120.178003, 23.009809], [120.212217, 22.997454], [120.211998, 22.981186], [120.197742, 22.981391], [120.189408, 22.988599], [120.187434, 22.998895], [120.159361, 23.005691]]]}}, {"type": "Feature", "properties": {"TOWNSN": "10021005", "TOWNID": "1002107", "COUNTYNAME": "臺南市", "TOWNNAME": "安平區", "FULLNAME": "臺南市安平區", "name": "安平區", "centroid": [120.1645, 22.9837]}, "geometry": {"type": "Polygon", "coordinates": [[[120.16309, 22.970477], [120.155414, 22.966565], [120.159581, 22.972537], [120.138745, 22.99663], [120.159361, 23.005691], [120.187434, 22.998895], [120.189408, 22.988599], [120.16309, 22.970477]]]}}, {"type": "Feature", "properties": {"TOWNSN": "10021006", "TOWNID": "1002101", "COUNTYNAME": "臺南市", "TOWNNAME": "東區", "FULLNAME": "臺南市東區", "name": "東區", "centroid": [120.2264, 22.9833]}, "geometry": {"type": "Polygon", "coordinates": [[[120.212217, 22.997454], [120.233052, 22.998483], [120.247747, 22.990658], [120.238974, 22.97995], [120.237878, 22.961005], [120.216823, 22.960593], [120.211998, 22.981186], [120.212217, 22.997454]]]}}, {"type": "Feature", "properties": {"TOWNSN": "10021009", "TOWNID": "1002103", "COUNTYNAME": "臺南市", "TOWNNAME": "南區", "FULLNAME": "臺南市南區", "name": "南區", "centroid": [120.1858, 22.9537]}, "geometry": {"type": "Polygon", "coordinates": [[[120.155414, 22.964917], [120.16309, 22.970477], [120.189408, 22.988599], [120.197742, 22.981391], [120.211998, 22.981186], [120.216823, 22.960593], [120.216604, 22.945149], [120.201251, 22.944943], [120.19204, 22.921261], [120.187653, 22.920232], [120.175152, 22.911789], [120.17581, 22.931764], [120.163309, 22.965123], [120.155414, 22.964917]]]}}, {"type": "Feature", "properties": {"TOWNSN": "10006001", "TOWNID": "1000603", "COUNTYNAME": "臺中市", "TOWNNAME": "大甲區", "FULLNAME": "臺中市大甲區", "name": "大甲區", "centroid": [120.6311, 24.3737]}, "geometry": {"type": "Polygon", "coordinates": [[[120.621247, 24.440985], [120.63967, 24.427805], [120.648882, 24.409478], [120.658093, 24.406595], [120.692745, 24.367058], [120.70722, 24.357791], [120.65568, 24.362527], [120.632213, 24.337816], [120.614229, 24.331639], [120.608965, 24.315782], [120.594929, 24.315165], [120.586595, 24.323402], [120.60414, 24.347083], [120.614448, 24.374883], [120.633091, 24.385797], [120.59471, 24.408037], [120.621247, 24.440985]]]}}, {"type": "Feature", "properties": {"TOWNSN": "10006002", "TOWNID": "1000614", "COUNTYNAME": "臺中市", "TOWNNAME": "大安區", "FULLNAME": "臺中市大安區", "name": "大安區", "centroid": [120.5901, 24.3653]}, "geometry": {"type": "Polygon", "coordinates": [[[120.59471, 24.408037], [120.633091, 24.385797], [120.614448, 24.374883], [120.60414, 24.347083], [120.586595, 24.323402], [120.580015, 24.331845], [120.551723, 24.33411], [120.562689, 24.361498], [120.57848, 24.377972], [120.59471, 24.408037]]]}}, {"type": "Feature", "properties": {"TOWNSN": "10006003", "TOWNID": "1000613", "COUNTYNAME": "臺中市", "TOWNNAME": "外埔區", "FULLNAME": "臺中市外埔區", "name": "外埔區", "centroid": [120.661, 24.3304]}, "geometry": {"type": "Polygon", "coordinates": [[[120.70722, 24.357791], [120.718186, 24.355732], [120.714677, 24.331021], [120.669498, 24.316194], [120.651075, 24.314959], [120.64625, 24.299103], [120.64625, 24.299308], [120.621686, 24.315165], [120.608965, 24.315782], [120.614229, 24.331639], [120.632213, 24.337816], [120.65568, 24.362527], [120.70722, 24.357791]]]}}, {"type": "Feature", "properties": {"TOWNSN": "10006004", "TOWNID": "1000607", "COUNTYNAME": "臺中市", "TOWNNAME": "后里區", "FULLNAME": "臺中市后里區", "name": "后里區", "centroid": [120.7155, 24.3117]}, "geometry": {"type": "Polygon", "coordinates": [[[120.718186, 24.355732], [120.724327, 24.354084], [120.764243, 24.325667], [120.75876, 24.318459], [120.767533, 24.298279], [120.763585, 24.290454], [120.74911, 24.287365], [120.748233, 24.280569], [120.712703, 24.283658], [120.683315, 24.284688], [120.658312, 24.291689], [120.64625, 24.299103], [120.651075, 24.314959], [120.669498, 24.316194], [120.714677, 24.331021], [120.718186, 24.355732]]]}}, {"type": "Feature", "properties": {"TOWNSN": "10006007", "TOWNID": "1000604", "COUNTYNAME": "臺中市", "TOWNNAME": "清水區", "FULLNAME": "臺中市清水區", "name": "清水區", "centroid": [120.5691, 24.2973]}, "geometry": {"type": "Polygon", "coordinates": [[[120.551723, 24.33411], [120.580015, 24.331845], [120.586595, 24.323402], [120.594929, 24.315165], [120.608965, 24.315782], [120.621686, 24.315165], [120.64625, 24.299308], [120.636161, 24.284276], [120.646908, 24.276657], [120.633091, 24.259153], [120.603044, 24.26739], [120.582647, 24.265949], [120.562908, 24.257918], [120.544266, 24.261624], [120.524966, 24.277275], [120.519264, 24.29416], [120.512246, 24.292101], [120.498209, 24.294778], [120.51071, 24.292513], [120.518825, 24.298485], [120.528256, 24.313929], [120.542512, 24.306104], [120.551723, 24.323608], [120.551723, 24.33411]]]}}, {"type": "Feature", "properties": {"TOWNSN": "10006009", "TOWNID": "1000621", "COUNTYNAME": "臺中市", "TOWNNAME": "和平區", "FULLNAME": "臺中市和平區", "name": "和平區", "centroid": [121.1469, 24.2788]}, "geometry": {"type": "Polygon", "coordinates": [[[121.316708, 24.441808], [121.327016, 24.434395], [121.326797, 24.398564], [121.337544, 24.390327], [121.35465, 24.393416], [121.364081, 24.389503], [121.372635, 24.368705], [121.389084, 24.375706], [121.437334, 24.383326], [121.450931, 24.36541], [121.434702, 24.348113], [121.434044, 24.32299], [121.422639, 24.308987], [121.404655, 24.308781], [121.401804, 24.29622], [121.380091, 24.279952], [121.384478, 24.255447], [121.366274, 24.252564], [121.352238, 24.244327], [121.342588, 24.224146], [121.329867, 24.231559], [121.298505, 24.236296], [121.280082, 24.230324], [121.265168, 24.24618], [121.256615, 24.244944], [121.243894, 24.22291], [121.237315, 24.220233], [121.21955, 24.229706], [121.208145, 24.222293], [121.196741, 24.223734], [121.181827, 24.212614], [121.167571, 24.225999], [121.160992, 24.215909], [121.148052, 24.213644], [121.135551, 24.196964], [121.105285, 24.1982], [121.095635, 24.19264], [121.084449, 24.176783], [121.059447, 24.16381], [121.01975, 24.159692], [121.012293, 24.154338], [120.999573, 24.127979], [120.975228, 24.116859], [120.957025, 24.124067], [120.949787, 24.127773], [120.932461, 24.112535], [120.919741, 24.107387], [120.896273, 24.116447], [120.896054, 24.139099], [120.884869, 24.138893], [120.884869, 24.157632], [120.868639, 24.164222], [120.865349, 24.175342], [120.875438, 24.184814], [120.880702, 24.2017], [120.898028, 24.206848], [120.89737, 24.222499], [120.88114, 24.235266], [120.878509, 24.266155], [120.905924, 24.292513], [120.909871, 24.293954], [120.921934, 24.302397], [120.916232, 24.334728], [120.935751, 24.342759], [120.991677, 24.329579], [121.004617, 24.331845], [121.017557, 24.31187], [121.034225, 24.297661], [121.05199, 24.299514], [121.055061, 24.310017], [121.081159, 24.324019], [121.086204, 24.317636], [121.108794, 24.330815], [121.121076, 24.330609], [121.124804, 24.341729], [121.140814, 24.359644], [121.167571, 24.36088], [121.172835, 24.373029], [121.189503, 24.381472], [121.196521, 24.396711], [121.206829, 24.397946], [121.215383, 24.379413], [121.230735, 24.383738], [121.242359, 24.405154], [121.244991, 24.422657], [121.259466, 24.429041], [121.269335, 24.427599], [121.304426, 24.432748], [121.316708, 24.441808]]]}}, {"type": "Feature", "properties": {"TOWNSN": "10006010", "TOWNID": "1000608", "COUNTYNAME": "臺中市", "TOWNNAME": "神岡區", "FULLNAME": "臺中市神岡區", "name": "神岡區", "centroid": [120.6614, 24.2699]}, "geometry": {"type": "Polygon", "coordinates": [[[120.64625, 24.299308], [120.64625, 24.299103], [120.658312, 24.291689], [120.683315, 24.284688], [120.712703, 24.283658], [120.697132, 24.231559], [120.681341, 24.231971], [120.6752, 24.243091], [120.653049, 24.251328], [120.644056, 24.243091], [120.633091, 24.259153], [120.646908, 24.276657], [120.636161, 24.284276], [120.64625, 24.299308]]]}}, {"type": "Feature", "properties": {"TOWNSN": "10006012", "TOWNID": "1000612", "COUNTYNAME": "臺中市", "TOWNNAME": "石岡區", "FULLNAME": "臺中市石岡區", "name": "石岡區", "centroid": [120.7831, 24.26]}, "geometry": {"type": "Polygon", "coordinates": [[[120.774771, 24.243091], [120.767095, 24.253799], [120.769726, 24.264301], [120.760515, 24.280569], [120.785737, 24.283658], [120.810739, 24.27851], [120.824117, 24.242267], [120.780034, 24.250298], [120.774771, 24.243091]]]}}, {"type": "Feature", "properties": {"TOWNSN": "10006013", "TOWNID": "1000601", "COUNTYNAME": "臺中市", "TOWNNAME": "豐原區", "FULLNAME": "臺中市豐原區", "name": "豐原區", "centroid": [120.7408, 24.2493]}, "geometry": {"type": "Polygon", "coordinates": [[[120.712703, 24.283658], [120.748233, 24.280569], [120.760515, 24.280569], [120.769726, 24.264301], [120.767095, 24.253799], [120.774771, 24.243091], [120.767314, 24.217351], [120.753716, 24.219204], [120.737706, 24.224764], [120.721915, 24.222087], [120.70744, 24.236296], [120.697132, 24.231559], [120.712703, 24.283658]]]}}, {"type": "Feature", "properties": {"TOWNSN": "10006014", "TOWNID": "1000606", "COUNTYNAME": "臺中市", "TOWNNAME": "梧棲區", "FULLNAME": "臺中市梧棲區", "name": "梧棲區", "centroid": [120.5316, 24.2493]}, "geometry": {"type": "Polygon", "coordinates": [[[120.524966, 24.277275], [120.544266, 24.261624], [120.562908, 24.257918], [120.559399, 24.243915], [120.548653, 24.230324], [120.546679, 24.218174], [120.512904, 24.225999], [120.503692, 24.231971], [120.50128, 24.241032], [120.517509, 24.277275], [120.524966, 24.277275]]]}}, {"type": "Feature", "properties": {"TOWNSN": "10006015", "TOWNID": "1000602", "COUNTYNAME": "臺中市", "TOWNNAME": "東勢區", "FULLNAME": "臺中市東勢區", "name": "東勢區", "centroid": [120.8262, 24.2551]}, "geometry": {"type": "Polygon", "coordinates": [[[120.764243, 24.325667], [120.777403, 24.320725], [120.806353, 24.315782], [120.83311, 24.29066], [120.857454, 24.289218], [120.87478, 24.294778], [120.905924, 24.292513], [120.878509, 24.266155], [120.88114, 24.235266], [120.89737, 24.222499], [120.898028, 24.206848], [120.880702, 24.2017], [120.875438, 24.184814], [120.865349, 24.175342], [120.868639, 24.164222], [120.857893, 24.158662], [120.842979, 24.163398], [120.831136, 24.189757], [120.830258, 24.213026], [120.824117, 24.242267], [120.810739, 24.27851], [120.785737, 24.283658], [120.760515, 24.280569], [120.748233, 24.280569], [120.74911, 24.287365], [120.763585, 24.290454], [120.767533, 24.298279], [120.75876, 24.318459], [120.764243, 24.325667]]]}}, {"type": "Feature", "properties": {"TOWNSN": "10006016", "TOWNID": "1000605", "COUNTYNAME": "臺中市", "TOWNNAME": "沙鹿區", "FULLNAME": "臺中市沙鹿區", "name": "沙鹿區", "centroid": [120.5825, 24.2368]}, "geometry": {"type": "Polygon", "coordinates": [[[120.562908, 24.257918], [120.582647, 24.265949], [120.603044, 24.26739], [120.633091, 24.259153], [120.61708, 24.235678], [120.605895, 24.239179], [120.596464, 24.214056], [120.587911, 24.19264], [120.565979, 24.19614], [120.546679, 24.218174], [120.548653, 24.230324], [120.559399, 24.243915], [120.562908, 24.257918]]]}}, {"type": "Feature", "properties": {"TOWNSN": "10006017", "TOWNID": "1000610", "COUNTYNAME": "臺中市", "TOWNNAME": "大雅區", "FULLNAME": "臺中市大雅區", "name": "大雅區", "centroid": [120.6431, 24.2304]}, "geometry": {"type": "Polygon", "coordinates": [[[120.633091, 24.259153], [120.644056, 24.243091], [120.653049, 24.251328], [120.6752, 24.243091], [120.681341, 24.231971], [120.669936, 24.203759], [120.664453, 24.201494], [120.651294, 24.209525], [120.635722, 24.203965], [120.596464, 24.214056], [120.605895, 24.239179], [120.61708, 24.235678], [120.633091, 24.259153]]]}}, {"type": "Feature", "properties": {"TOWNSN": "10006018", "TOWNID": "1000609", "COUNTYNAME": "臺中市", "TOWNNAME": "潭子區", "FULLNAME": "臺中市潭子區", "name": "潭子區", "centroid": [120.7121, 24.2161]}, "geometry": {"type": "Polygon", "coordinates": [[[120.681341, 24.231971], [120.697132, 24.231559], [120.70744, 24.236296], [120.721915, 24.222087], [120.737706, 24.224764], [120.753716, 24.219204], [120.750207, 24.204583], [120.735513, 24.194081], [120.712265, 24.189757], [120.696912, 24.203142], [120.669936, 24.203759], [120.681341, 24.231971]]]}}, {"type": "Feature", "properties": {"TOWNSN": "10006019", "TOWNID": "1000617", "COUNTYNAME": "臺中市", "TOWNNAME": "龍井區", "FULLNAME": "臺中市龍井區", "name": "龍井區", "centroid": [120.523, 24.206]}, "geometry": {"type": "Polygon", "coordinates": [[[120.482418, 24.236913], [120.492068, 24.239384], [120.503692, 24.231971], [120.512904, 24.225999], [120.546679, 24.218174], [120.565979, 24.19614], [120.587911, 24.19264], [120.59778, 24.189345], [120.583744, 24.174312], [120.553258, 24.170812], [120.512684, 24.176989], [120.50435, 24.190992], [120.485927, 24.197376], [120.488559, 24.205613], [120.468163, 24.212408], [120.482418, 24.236913]]]}}, {"type": "Feature", "properties": {"TOWNSN": "10006020", "TOWNID": "1000611", "COUNTYNAME": "臺中市", "TOWNNAME": "新社區", "FULLNAME": "臺中市新社區", "name": "新社區", "centroid": [120.841, 24.164]}, "geometry": {"type": "Polygon", "coordinates": [[[120.824117, 24.242267], [120.830258, 24.213026], [120.831136, 24.189757], [120.842979, 24.163398], [120.857893, 24.158662], [120.868639, 24.164222], [120.884869, 24.157632], [120.884869, 24.138893], [120.896054, 24.139099], [120.896273, 24.116447], [120.891448, 24.097708], [120.881579, 24.100591], [120.872368, 24.116859], [120.857454, 24.117271], [120.853945, 24.124273], [120.837935, 24.117889], [120.832671, 24.122831], [120.833987, 24.140747], [120.802624, 24.150837], [120.802624, 24.16937], [120.796264, 24.203965], [120.767314, 24.217351], [120.774771, 24.243091], [120.780034, 24.250298], [120.824117, 24.242267]]]}}, {"type": "Feature", "properties": {"TOWNSN": "10006021", "TOWNID": "1000616", "COUNTYNAME": "臺中市", "TOWNNAME": "大肚區", "FULLNAME": "臺中市大肚區", "name": "大肚區", "centroid": [120.5596, 24.1487]}, "geometry": {"type": "Polygon", "coordinates": [[[120.583744, 24.174312], [120.584402, 24.1704], [120.574752, 24.147336], [120.586376, 24.137864], [120.588569, 24.129627], [120.581551, 24.109446], [120.54953, 24.113976], [120.532642, 24.126332], [120.52365, 24.139511], [120.519703, 24.161545], [120.512684, 24.176989], [120.553258, 24.170812], [120.583744, 24.174312]]]}}, {"type": "Feature", "properties": {"TOWNSN": "10006022", "TOWNID": "1000619", "COUNTYNAME": "臺中市", "TOWNNAME": "太平區", "FULLNAME": "臺中市太平區", "name": "太平區", "centroid": [120.7706, 24.121]}, "geometry": {"type": "Polygon", "coordinates": [[[120.802624, 24.16937], [120.802624, 24.150837], [120.833987, 24.140747], [120.832671, 24.122831], [120.837935, 24.117889], [120.828504, 24.094414], [120.829381, 24.07135], [120.80723, 24.064349], [120.796703, 24.040255], [120.788149, 24.052611], [120.756348, 24.075057], [120.732223, 24.081234], [120.730249, 24.094208], [120.701299, 24.111299], [120.70415, 24.124684], [120.712923, 24.145689], [120.700422, 24.151249], [120.704589, 24.159074], [120.726082, 24.156809], [120.74911, 24.162163], [120.769068, 24.160103], [120.775648, 24.16834], [120.802624, 24.16937]]]}}, {"type": "Feature", "properties": {"TOWNSN": "10006023", "TOWNID": "1000620", "COUNTYNAME": "臺中市", "TOWNNAME": "大里區", "FULLNAME": "臺中市大里區", "name": "大里區", "centroid": [120.6853, 24.0981]}, "geometry": {"type": "Polygon", "coordinates": [[[120.685508, 24.121596], [120.70415, 24.124684], [120.701299, 24.111299], [120.730249, 24.094208], [120.732223, 24.081234], [120.70744, 24.081852], [120.683095, 24.069497], [120.67191, 24.081028], [120.659409, 24.082058], [120.650855, 24.090707], [120.663357, 24.097708], [120.657435, 24.104504], [120.662041, 24.111093], [120.685508, 24.121596]]]}}, {"type": "Feature", "properties": {"TOWNSN": "10006024", "TOWNID": "1000615", "COUNTYNAME": "臺中市", "TOWNNAME": "烏日區", "FULLNAME": "臺中市烏日區", "name": "烏日區", "centroid": [120.6279, 24.0892]}, "geometry": {"type": "Polygon", "coordinates": [[[120.581551, 24.109446], [120.588569, 24.129627], [120.586376, 24.137864], [120.618835, 24.123861], [120.620589, 24.112741], [120.63002, 24.111093], [120.643837, 24.118713], [120.644934, 24.109858], [120.657435, 24.104504], [120.663357, 24.097708], [120.650855, 24.090707], [120.653049, 24.066614], [120.660725, 24.062907], [120.6559, 24.030577], [120.644714, 24.025841], [120.625195, 24.029959], [120.625853, 24.046639], [120.625414, 24.068673], [120.615326, 24.083911], [120.612475, 24.102445], [120.581551, 24.109446]]]}}, {"type": "Feature", "properties": {"TOWNSN": "10006025", "TOWNID": "1000618", "COUNTYNAME": "臺中市", "TOWNNAME": "霧峰區", "FULLNAME": "臺中市霧峰區", "name": "霧峰區", "centroid": [120.7138, 24.0501]}, "geometry": {"type": "Polygon", "coordinates": [[[120.732223, 24.081234], [120.756348, 24.075057], [120.788149, 24.052611], [120.796703, 24.040255], [120.779815, 24.020075], [120.770604, 24.009161], [120.74604, 23.998453], [120.731784, 24.008955], [120.706562, 24.005248], [120.678709, 24.014103], [120.6559, 24.030577], [120.660725, 24.062907], [120.653049, 24.066614], [120.650855, 24.090707], [120.659409, 24.082058], [120.67191, 24.081028], [120.683095, 24.069497], [120.70744, 24.081852], [120.732223, 24.081234]]]}}, {"type": "Feature", "properties": {"TOWNSN": "10019001", "TOWNID": "1001908", "COUNTYNAME": "臺中市", "TOWNNAME": "北屯區", "FULLNAME": "臺中市北屯區", "name": "北屯區", "centroid": [120.7259, 24.1859]}, "geometry": {"type": "Polygon", "coordinates": [[[120.753716, 24.219204], [120.767314, 24.217351], [120.796264, 24.203965], [120.802624, 24.16937], [120.775648, 24.16834], [120.769068, 24.160103], [120.74911, 24.162163], [120.726082, 24.156809], [120.704589, 24.159074], [120.688578, 24.162369], [120.676516, 24.173489], [120.666866, 24.171429], [120.658093, 24.177401], [120.664453, 24.201494], [120.669936, 24.203759], [120.696912, 24.203142], [120.712265, 24.189757], [120.735513, 24.194081], [120.750207, 24.204583], [120.753716, 24.219204]]]}}, {"type": "Feature", "properties": {"TOWNSN": "10019002", "TOWNID": "1001906", "COUNTYNAME": "臺中市", "TOWNNAME": "西屯區", "FULLNAME": "臺中市西屯區", "name": "西屯區", "centroid": [120.625, 24.1838]}, "geometry": {"type": "Polygon", "coordinates": [[[120.596464, 24.214056], [120.635722, 24.203965], [120.651294, 24.209525], [120.664453, 24.201494], [120.658093, 24.177401], [120.666866, 24.171429], [120.662918, 24.162369], [120.654584, 24.156191], [120.627169, 24.154544], [120.606553, 24.164634], [120.584402, 24.1704], [120.583744, 24.174312], [120.59778, 24.189345], [120.587911, 24.19264], [120.596464, 24.214056]]]}}, {"type": "Feature", "properties": {"TOWNSN": "10019003", "TOWNID": "1001905", "COUNTYNAME": "臺中市", "TOWNNAME": "北區", "FULLNAME": "臺中市北區", "name": "北區", "centroid": [120.6798, 24.1579]}, "geometry": {"type": "Polygon", "coordinates": [[[120.662918, 24.162369], [120.666866, 24.171429], [120.676516, 24.173489], [120.688578, 24.162369], [120.704589, 24.159074], [120.700422, 24.151249], [120.685946, 24.143218], [120.673665, 24.143424], [120.675419, 24.150425], [120.662918, 24.162369]]]}}, {"type": "Feature", "properties": {"TOWNSN": "10019004", "TOWNID": "1001904", "COUNTYNAME": "臺中市", "TOWNNAME": "西區", "FULLNAME": "臺中市西區", "name": "西區", "centroid": [120.6657, 24.1459]}, "geometry": {"type": "Polygon", "coordinates": [[[120.654584, 24.156191], [120.662918, 24.162369], [120.675419, 24.150425], [120.673665, 24.143424], [120.682437, 24.135393], [120.666427, 24.128803], [120.655461, 24.134775], [120.654584, 24.156191]]]}}, {"type": "Feature", "properties": {"TOWNSN": "10019005", "TOWNID": "1001901", "COUNTYNAME": "臺中市", "TOWNNAME": "中區", "FULLNAME": "臺中市中區", "name": "中區", "centroid": [120.6789, 24.1414]}, "geometry": {"type": "Polygon", "coordinates": [[[120.673665, 24.143424], [120.685946, 24.143218], [120.682437, 24.135393], [120.673665, 24.143424]]]}}, {"type": "Feature", "properties": {"TOWNSN": "10019006", "TOWNID": "1001907", "COUNTYNAME": "臺中市", "TOWNNAME": "南屯區", "FULLNAME": "臺中市南屯區", "name": "南屯區", "centroid": [120.6156, 24.1419]}, "geometry": {"type": "Polygon", "coordinates": [[[120.584402, 24.1704], [120.606553, 24.164634], [120.627169, 24.154544], [120.654584, 24.156191], [120.655461, 24.134775], [120.643837, 24.118713], [120.63002, 24.111093], [120.620589, 24.112741], [120.618835, 24.123861], [120.586376, 24.137864], [120.574752, 24.147336], [120.584402, 24.1704]]]}}, {"type": "Feature", "properties": {"TOWNSN": "10019007", "TOWNID": "1001902", "COUNTYNAME": "臺中市", "TOWNNAME": "東區", "FULLNAME": "臺中市東區", "name": "東區", "centroid": [120.6939, 24.1379]}, "geometry": {"type": "Polygon", "coordinates": [[[120.685946, 24.143218], [120.700422, 24.151249], [120.712923, 24.145689], [120.70415, 24.124684], [120.685508, 24.121596], [120.682437, 24.135393], [120.685946, 24.143218]]]}}, {"type": "Feature", "properties": {"TOWNSN": "10019008", "TOWNID": "1001903", "COUNTYNAME": "臺中市", "TOWNNAME": "南區", "FULLNAME": "臺中市南區", "name": "南區", "centroid": [120.6615, 24.1222]}, "geometry": {"type": "Polygon", "coordinates": [[[120.655461, 24.134775], [120.666427, 24.128803], [120.682437, 24.135393], [120.685508, 24.121596], [120.662041, 24.111093], [120.657435, 24.104504], [120.644934, 24.109858], [120.643837, 24.118713], [120.655461, 24.134775]]]}}, {"type": "Feature", "properties": {"TOWNSN": "10013001", "TOWNID": "1001311", "COUNTYNAME": "屏東縣", "TOWNNAME": "高樹鄉", "FULLNAME": "屏東縣高樹鄉", "name": "高樹鄉", "centroid": [120.6058, 22.8046]}, "geometry": {"type": "Polygon", "coordinates": [[[120.595148, 22.863603], [120.605456, 22.873075], [120.644934, 22.885225], [120.647785, 22.879459], [120.647785, 22.873075], [120.629143, 22.836009], [120.628704, 22.776291], [120.643399, 22.76826], [120.631555, 22.75158], [120.639451, 22.735518], [120.634626, 22.719867], [120.616422, 22.739636], [120.612694, 22.754874], [120.577164, 22.772996], [120.545582, 22.770731], [120.553039, 22.785351], [120.544924, 22.797913], [120.555452, 22.806973], [120.566637, 22.838274], [120.595148, 22.863603]]]}}, {"type": "Feature", "properties": {"TOWNSN": "10013002", "TOWNID": "1001309", "COUNTYNAME": "屏東縣", "TOWNNAME": "里港鄉", "FULLNAME": "屏東縣里港鄉", "name": "里港鄉", "centroid": [120.5089, 22.7971]}, "geometry": {"type": "Polygon", "coordinates": [[[120.505227, 22.831478], [120.523431, 22.83292], [120.553258, 22.82839], [120.566637, 22.838274], [120.555452, 22.806973], [120.544924, 22.797913], [120.553039, 22.785351], [120.545582, 22.770731], [120.524089, 22.769907], [120.514, 22.760434], [120.498209, 22.764965], [120.487024, 22.758375], [120.467066, 22.756934], [120.462241, 22.770113], [120.454345, 22.77176], [120.463996, 22.800178], [120.468821, 22.830449], [120.476277, 22.838068], [120.505227, 22.831478]]]}}, {"type": "Feature", "properties": {"TOWNSN": "10013003", "TOWNID": "1001326", "COUNTYNAME": "屏東縣", "TOWNNAME": "三地門鄉", "FULLNAME": "屏東縣三地門鄉", "name": "三地門鄉", "centroid": [120.6814, 22.7961]}, "geometry": {"type": "Polygon", "coordinates": [[[120.647785, 22.879459], [120.649101, 22.876988], [120.658312, 22.878635], [120.661163, 22.85969], [120.672787, 22.856395], [120.690771, 22.865044], [120.705685, 22.881106], [120.724985, 22.880694], [120.755032, 22.864632], [120.774113, 22.837862], [120.739241, 22.822006], [120.740776, 22.813975], [120.726082, 22.78391], [120.710949, 22.772172], [120.719722, 22.749315], [120.701737, 22.745814], [120.702834, 22.726869], [120.714897, 22.716161], [120.706782, 22.691038], [120.68156, 22.699069], [120.657216, 22.71369], [120.649539, 22.710601], [120.629143, 22.71369], [120.634626, 22.719867], [120.639451, 22.735518], [120.631555, 22.75158], [120.643399, 22.76826], [120.628704, 22.776291], [120.629143, 22.836009], [120.647785, 22.873075], [120.647785, 22.879459]]]}}, {"type": "Feature", "properties": {"TOWNSN": "10013004", "TOWNID": "1001327", "COUNTYNAME": "屏東縣", "TOWNNAME": "霧臺鄉", "FULLNAME": "屏東縣霧臺鄉", "name": "霧臺鄉", "centroid": [120.7979, 22.7575]}, "geometry": {"type": "Polygon", "coordinates": [[[120.864692, 22.84301], [120.861621, 22.826536], [120.868639, 22.816858], [120.891229, 22.81171], [120.903292, 22.799972], [120.903511, 22.777526], [120.893203, 22.766406], [120.894738, 22.737783], [120.883772, 22.717396], [120.848681, 22.716984], [120.834864, 22.696598], [120.808107, 22.689185], [120.786833, 22.692891], [120.791439, 22.678682], [120.786395, 22.672093], [120.785956, 22.661385], [120.761173, 22.629878], [120.746698, 22.655619], [120.750865, 22.664474], [120.744285, 22.681153], [120.731565, 22.681977], [120.721476, 22.69042], [120.706782, 22.691038], [120.714897, 22.716161], [120.702834, 22.726869], [120.701737, 22.745814], [120.719722, 22.749315], [120.710949, 22.772172], [120.726082, 22.78391], [120.740776, 22.813975], [120.739241, 22.822006], [120.774113, 22.837862], [120.792536, 22.840951], [120.801089, 22.851041], [120.822582, 22.86525], [120.837057, 22.86422], [120.847804, 22.851865], [120.853068, 22.857631], [120.864692, 22.84301]]]}}, {"type": "Feature", "properties": {"TOWNSN": "10013005", "TOWNID": "1001310", "COUNTYNAME": "屏東縣", "TOWNNAME": "鹽埔鄉", "FULLNAME": "屏東縣鹽埔鄉", "name": "鹽埔鄉", "centroid": [120.5689, 22.7408]}, "geometry": {"type": "Polygon", "coordinates": [[[120.514, 22.760434], [120.524089, 22.769907], [120.545582, 22.770731], [120.577164, 22.772996], [120.612694, 22.754874], [120.616422, 22.739636], [120.634626, 22.719867], [120.629143, 22.71369], [120.615764, 22.706482], [120.608088, 22.715131], [120.540538, 22.722544], [120.522773, 22.731811], [120.510053, 22.732841], [120.514, 22.760434]]]}}, {"type": "Feature", "properties": {"TOWNSN": "10013006", "TOWNID": "1001308", "COUNTYNAME": "屏東縣", "TOWNNAME": "九如鄉", "FULLNAME": "屏東縣九如鄉", "name": "九如鄉", "centroid": [120.4877, 22.7341]}, "geometry": {"type": "Polygon", "coordinates": [[[120.454345, 22.77176], [120.462241, 22.770113], [120.467066, 22.756934], [120.487024, 22.758375], [120.498209, 22.764965], [120.514, 22.760434], [120.510053, 22.732841], [120.522773, 22.731811], [120.540538, 22.722544], [120.52387, 22.718426], [120.521457, 22.707306], [120.497332, 22.71266], [120.471452, 22.702776], [120.461802, 22.688773], [120.447985, 22.68939], [120.455881, 22.718632], [120.454345, 22.77176]]]}}, {"type": "Feature", "properties": {"TOWNSN": "10013007", "TOWNID": "1001306", "COUNTYNAME": "屏東縣", "TOWNNAME": "長治鄉", "FULLNAME": "屏東縣長治鄉", "name": "長治鄉", "centroid": [120.5458, 22.6928]}, "geometry": {"type": "Polygon", "coordinates": [[[120.521457, 22.707306], [120.52387, 22.718426], [120.540538, 22.722544], [120.608088, 22.715131], [120.615764, 22.706482], [120.605895, 22.701128], [120.561154, 22.66365], [120.545144, 22.670445], [120.527159, 22.667562], [120.522554, 22.659531], [120.508517, 22.669004], [120.511807, 22.691038], [120.528475, 22.700304], [120.521457, 22.707306]]]}}, {"type": "Feature", "properties": {"TOWNSN": "10013008", "TOWNID": "1001328", "COUNTYNAME": "屏東縣", "TOWNNAME": "瑪家鄉", "FULLNAME": "屏東縣瑪家鄉", "name": "瑪家鄉", "centroid": [120.6831, 22.6702]}, "geometry": {"type": "Polygon", "coordinates": [[[120.649539, 22.710601], [120.657216, 22.71369], [120.68156, 22.699069], [120.706782, 22.691038], [120.721476, 22.69042], [120.731565, 22.681977], [120.744285, 22.681153], [120.750865, 22.664474], [120.746698, 22.655619], [120.735293, 22.650883], [120.721257, 22.65809], [120.692965, 22.653971], [120.691868, 22.645529], [120.669498, 22.649853], [120.658751, 22.641822], [120.643179, 22.640175], [120.631555, 22.624524], [120.625634, 22.63585], [120.629801, 22.652324], [120.636819, 22.689596], [120.651294, 22.702776], [120.649539, 22.710601]]]}}, {"type": "Feature", "properties": {"TOWNSN": "10013009", "TOWNID": "1001301", "COUNTYNAME": "屏東縣", "TOWNNAME": "屏東市", "FULLNAME": "屏東縣屏東市", "name": "屏東市", "centroid": [120.4873, 22.6692]}, "geometry": {"type": "Polygon", "coordinates": [[[120.521457, 22.707306], [120.528475, 22.700304], [120.511807, 22.691038], [120.508517, 22.669004], [120.522554, 22.659531], [120.516632, 22.657884], [120.506324, 22.624936], [120.503473, 22.61917], [120.480883, 22.621229], [120.458074, 22.630084], [120.435265, 22.628849], [120.436142, 22.651706], [120.442502, 22.684448], [120.447985, 22.68939], [120.461802, 22.688773], [120.471452, 22.702776], [120.497332, 22.71266], [120.521457, 22.707306]]]}}, {"type": "Feature", "properties": {"TOWNSN": "10013010", "TOWNID": "1001313", "COUNTYNAME": "屏東縣", "TOWNNAME": "內埔鄉", "FULLNAME": "屏東縣內埔鄉", "name": "內埔鄉", "centroid": [120.5972, 22.655]}, "geometry": {"type": "Polygon", "coordinates": [[[120.629143, 22.71369], [120.649539, 22.710601], [120.651294, 22.702776], [120.636819, 22.689596], [120.629801, 22.652324], [120.617738, 22.637497], [120.595368, 22.62473], [120.576068, 22.601255], [120.571901, 22.588076], [120.556987, 22.580868], [120.55282, 22.606403], [120.53659, 22.602078], [120.53659, 22.639969], [120.561154, 22.66365], [120.605895, 22.701128], [120.615764, 22.706482], [120.629143, 22.71369]]]}}, {"type": "Feature", "properties": {"TOWNSN": "10013011", "TOWNID": "1001307", "COUNTYNAME": "屏東縣", "TOWNNAME": "麟洛鄉", "FULLNAME": "屏東縣麟洛鄉", "name": "麟洛鄉", "centroid": [120.5272, 22.6492]}, "geometry": {"type": "Polygon", "coordinates": [[[120.522554, 22.659531], [120.527159, 22.667562], [120.545144, 22.670445], [120.561154, 22.66365], [120.53659, 22.639969], [120.526282, 22.628231], [120.508079, 22.620612], [120.506324, 22.624936], [120.516632, 22.657884], [120.522554, 22.659531]]]}}, {"type": "Feature", "properties": {"TOWNSN": "10013012", "TOWNID": "1001329", "COUNTYNAME": "屏東縣", "TOWNNAME": "泰武鄉", "FULLNAME": "屏東縣泰武鄉", "name": "泰武鄉", "centroid": [120.6963, 22.604]}, "geometry": {"type": "Polygon", "coordinates": [[[120.746698, 22.655619], [120.761173, 22.629878], [120.752839, 22.611551], [120.754813, 22.601873], [120.745821, 22.589517], [120.748891, 22.572013], [120.739899, 22.558422], [120.72981, 22.562335], [120.699106, 22.562129], [120.6945, 22.557805], [120.66862, 22.565012], [120.64603, 22.562129], [120.644495, 22.539889], [120.62673, 22.542772], [120.626292, 22.567277], [120.631775, 22.601049], [120.631555, 22.624524], [120.643179, 22.640175], [120.658751, 22.641822], [120.669498, 22.649853], [120.691868, 22.645529], [120.692965, 22.653971], [120.721257, 22.65809], [120.735293, 22.650883], [120.746698, 22.655619]]]}}, {"type": "Feature", "properties": {"TOWNSN": "10013013", "TOWNID": "1001314", "COUNTYNAME": "屏東縣", "TOWNNAME": "竹田鄉", "FULLNAME": "屏東縣竹田鄉", "name": "竹田鄉", "centroid": [120.5205, 22.5869]}, "geometry": {"type": "Polygon", "coordinates": [[[120.508079, 22.620612], [120.526282, 22.628231], [120.53659, 22.639969], [120.53659, 22.602078], [120.55282, 22.606403], [120.556987, 22.580868], [120.539661, 22.564394], [120.529572, 22.56563], [120.512026, 22.557805], [120.508737, 22.546685], [120.504131, 22.542772], [120.505666, 22.551627], [120.487243, 22.564806], [120.505885, 22.573867], [120.523212, 22.595489], [120.506763, 22.616287], [120.508079, 22.620612]]]}}, {"type": "Feature", "properties": {"TOWNSN": "10013014", "TOWNID": "1001312", "COUNTYNAME": "屏東縣", "TOWNNAME": "萬巒鄉", "FULLNAME": "屏東縣萬巒鄉", "name": "萬巒鄉", "centroid": [120.6008, 22.5822]}, "geometry": {"type": "Polygon", "coordinates": [[[120.629801, 22.652324], [120.625634, 22.63585], [120.631555, 22.624524], [120.631775, 22.601049], [120.626292, 22.567277], [120.62673, 22.542772], [120.623002, 22.534535], [120.633529, 22.524857], [120.605676, 22.524857], [120.605456, 22.540301], [120.592078, 22.545861], [120.58506, 22.561099], [120.564663, 22.554922], [120.548872, 22.565836], [120.539661, 22.564394], [120.556987, 22.580868], [120.571901, 22.588076], [120.576068, 22.601255], [120.595368, 22.62473], [120.617738, 22.637497], [120.629801, 22.652324]]]}}, {"type": "Feature", "properties": {"TOWNSN": "10013015", "TOWNID": "1001305", "COUNTYNAME": "屏東縣", "TOWNNAME": "萬丹鄉", "FULLNAME": "屏東縣萬丹鄉", "name": "萬丹鄉", "centroid": [120.4819, 22.5896]}, "geometry": {"type": "Polygon", "coordinates": [[[120.506324, 22.624936], [120.508079, 22.620612], [120.506763, 22.616287], [120.523212, 22.595489], [120.505885, 22.573867], [120.487243, 22.564806], [120.505666, 22.551627], [120.504131, 22.542772], [120.484392, 22.52671], [120.474084, 22.535977], [120.480664, 22.559246], [120.440748, 22.557599], [120.447108, 22.586016], [120.445792, 22.598784], [120.434607, 22.613404], [120.435265, 22.628849], [120.458074, 22.630084], [120.480883, 22.621229], [120.503473, 22.61917], [120.506324, 22.624936]]]}}, {"type": "Feature", "properties": {"TOWNSN": "10013016", "TOWNID": "1001302", "COUNTYNAME": "屏東縣", "TOWNNAME": "潮州鎮", "FULLNAME": "屏東縣潮州鎮", "name": "潮州鎮", "centroid": [120.5533, 22.5411]}, "geometry": {"type": "Polygon", "coordinates": [[[120.508737, 22.546685], [120.512026, 22.557805], [120.529572, 22.56563], [120.539661, 22.564394], [120.548872, 22.565836], [120.564663, 22.554922], [120.58506, 22.561099], [120.592078, 22.545861], [120.605456, 22.540301], [120.605676, 22.524857], [120.603702, 22.52115], [120.556329, 22.509001], [120.54295, 22.51106], [120.530011, 22.503441], [120.519264, 22.538242], [120.508737, 22.546685]]]}}, {"type": "Feature", "properties": {"TOWNSN": "10013017", "TOWNID": "1001318", "COUNTYNAME": "屏東縣", "TOWNNAME": "崁頂鄉", "FULLNAME": "屏東縣崁頂鄉", "name": "崁頂鄉", "centroid": [120.4997, 22.5152]}, "geometry": {"type": "Polygon", "coordinates": [[[120.504131, 22.542772], [120.508737, 22.546685], [120.519264, 22.538242], [120.530011, 22.503441], [120.529791, 22.501793], [120.508517, 22.491909], [120.493165, 22.491909], [120.479786, 22.500558], [120.468601, 22.489438], [120.465531, 22.506118], [120.484392, 22.52671], [120.504131, 22.542772]]]}}, {"type": "Feature", "properties": {"TOWNSN": "10013018", "TOWNID": "1001317", "COUNTYNAME": "屏東縣", "TOWNNAME": "新園鄉", "FULLNAME": "屏東縣新園鄉", "name": "新園鄉", "centroid": [120.4493, 22.514]}, "geometry": {"type": "Polygon", "coordinates": [[[120.427589, 22.534329], [120.440748, 22.557599], [120.480664, 22.559246], [120.474084, 22.535977], [120.484392, 22.52671], [120.465531, 22.506118], [120.468601, 22.489438], [120.462022, 22.479347], [120.437239, 22.465139], [120.424079, 22.477082], [120.425834, 22.498087], [120.422764, 22.518473], [120.427589, 22.534329]]]}}, {"type": "Feature", "properties": {"TOWNSN": "10013019", "TOWNID": "1001330", "COUNTYNAME": "屏東縣", "TOWNNAME": "來義鄉", "FULLNAME": "屏東縣來義鄉", "name": "來義鄉", "centroid": [120.6811, 22.5002]}, "geometry": {"type": "Polygon", "coordinates": [[[120.62673, 22.542772], [120.644495, 22.539889], [120.64603, 22.562129], [120.66862, 22.565012], [120.6945, 22.557805], [120.699106, 22.562129], [120.72981, 22.562335], [120.739899, 22.558422], [120.749988, 22.533917], [120.753716, 22.51106], [120.760954, 22.503235], [120.763805, 22.491085], [120.750865, 22.479142], [120.751523, 22.458549], [120.730468, 22.445164], [120.719722, 22.468228], [120.698886, 22.468433], [120.692745, 22.4499], [120.65919, 22.440016], [120.650197, 22.443105], [120.641644, 22.432808], [120.632652, 22.435897], [120.609185, 22.445164], [120.616642, 22.453607], [120.616203, 22.487173], [120.621028, 22.506735], [120.633529, 22.524857], [120.623002, 22.534535], [120.62673, 22.542772]]]}}, {"type": "Feature", "properties": {"TOWNSN": "10013020", "TOWNID": "1001315", "COUNTYNAME": "屏東縣", "TOWNNAME": "新埤鄉", "FULLNAME": "屏東縣新埤鄉", "name": "新埤鄉", "centroid": [120.5799, 22.4931]}, "geometry": {"type": "Polygon", "coordinates": [[[120.605676, 22.524857], [120.633529, 22.524857], [120.621028, 22.506735], [120.616203, 22.487173], [120.616642, 22.453607], [120.609185, 22.445164], [120.576506, 22.457725], [120.541415, 22.463079], [120.542731, 22.467816], [120.546459, 22.486967], [120.529791, 22.501793], [120.530011, 22.503441], [120.54295, 22.51106], [120.556329, 22.509001], [120.603702, 22.52115], [120.605676, 22.524857]]]}}, {"type": "Feature", "properties": {"TOWNSN": "10013021", "TOWNID": "1001320", "COUNTYNAME": "屏東縣", "TOWNNAME": "南州鄉", "FULLNAME": "屏東縣南州鄉", "name": "南州鄉", "centroid": [120.5133, 22.4808]}, "geometry": {"type": "Polygon", "coordinates": [[[120.493165, 22.491909], [120.508517, 22.491909], [120.529791, 22.501793], [120.546459, 22.486967], [120.542731, 22.467816], [120.528914, 22.46102], [120.501718, 22.460402], [120.50128, 22.473787], [120.487243, 22.480583], [120.493165, 22.491909]]]}}, {"type": "Feature", "properties": {"TOWNSN": "10013022", "TOWNID": "1001303", "COUNTYNAME": "屏東縣", "TOWNNAME": "東港鎮", "FULLNAME": "屏東縣東港鎮", "name": "東港鎮", "centroid": [120.4775, 22.4704]}, "geometry": {"type": "Polygon", "coordinates": [[[120.468601, 22.489438], [120.479786, 22.500558], [120.493165, 22.491909], [120.487243, 22.480583], [120.50128, 22.473787], [120.501718, 22.460402], [120.496016, 22.435897], [120.482199, 22.429926], [120.451933, 22.448047], [120.437239, 22.465139], [120.462022, 22.479347], [120.468601, 22.489438]]]}}, {"type": "Feature", "properties": {"TOWNSN": "10013023", "TOWNID": "1001319", "COUNTYNAME": "屏東縣", "TOWNNAME": "林邊鄉", "FULLNAME": "屏東縣林邊鄉", "name": "林邊鄉", "centroid": [120.5199, 22.4482]}, "geometry": {"type": "Polygon", "coordinates": [[[120.542731, 22.467816], [120.541415, 22.463079], [120.526063, 22.449077], [120.525186, 22.430749], [120.512026, 22.415923], [120.482199, 22.429926], [120.496016, 22.435897], [120.501718, 22.460402], [120.528914, 22.46102], [120.542731, 22.467816]]]}}, {"type": "Feature", "properties": {"TOWNSN": "10013024", "TOWNID": "1001321", "COUNTYNAME": "屏東縣", "TOWNNAME": "佳冬鄉", "FULLNAME": "屏東縣佳冬鄉", "name": "佳冬鄉", "centroid": [120.5493, 22.4302]}, "geometry": {"type": "Polygon", "coordinates": [[[120.541415, 22.463079], [120.576506, 22.457725], [120.567075, 22.428896], [120.576068, 22.414481], [120.564663, 22.410157], [120.56576, 22.401714], [120.546021, 22.397389], [120.512026, 22.415923], [120.525186, 22.430749], [120.526063, 22.449077], [120.541415, 22.463079]]]}}, {"type": "Feature", "properties": {"TOWNSN": "10013025", "TOWNID": "1001331", "COUNTYNAME": "屏東縣", "TOWNNAME": "春日鄉", "FULLNAME": "屏東縣春日鄉", "name": "春日鄉", "centroid": [120.6939, 22.4047]}, "geometry": {"type": "Polygon", "coordinates": [[[120.632652, 22.435897], [120.641644, 22.432808], [120.650197, 22.443105], [120.65919, 22.440016], [120.692745, 22.4499], [120.698886, 22.468433], [120.719722, 22.468228], [120.730468, 22.445164], [120.751523, 22.458549], [120.776525, 22.449488], [120.77499, 22.443517], [120.789465, 22.41757], [120.780034, 22.409333], [120.757664, 22.404803], [120.756348, 22.388535], [120.743408, 22.36753], [120.733977, 22.366913], [120.719283, 22.354763], [120.694061, 22.348379], [120.687262, 22.341172], [120.663576, 22.346732], [120.659847, 22.341172], [120.641425, 22.35188], [120.640328, 22.355175], [120.621467, 22.361765], [120.618835, 22.391212], [120.630897, 22.39533], [120.62344, 22.42416], [120.632652, 22.435897]]]}}, {"type": "Feature", "properties": {"TOWNSN": "10013026", "TOWNID": "1001316", "COUNTYNAME": "屏東縣", "TOWNNAME": "枋寮鄉", "FULLNAME": "屏東縣枋寮鄉", "name": "枋寮鄉", "centroid": [120.5977, 22.3996]}, "geometry": {"type": "Polygon", "coordinates": [[[120.576506, 22.457725], [120.609185, 22.445164], [120.632652, 22.435897], [120.62344, 22.42416], [120.630897, 22.39533], [120.618835, 22.391212], [120.621467, 22.361765], [120.640328, 22.355175], [120.618177, 22.350439], [120.606334, 22.340554], [120.600631, 22.353322], [120.58484, 22.371855], [120.546021, 22.397389], [120.56576, 22.401714], [120.564663, 22.410157], [120.576068, 22.414481], [120.567075, 22.428896], [120.576506, 22.457725]]]}}, {"type": "Feature", "properties": {"TOWNSN": "10013027", "TOWNID": "1001322", "COUNTYNAME": "屏東縣", "TOWNNAME": "琉球鄉", "FULLNAME": "屏東縣琉球鄉", "name": "琉球鄉", "centroid": [120.3682, 22.3358]}, "geometry": {"type": "Polygon", "coordinates": [[[120.358722, 22.321609], [120.35302, 22.324904], [120.367056, 22.351674], [120.381093, 22.355381], [120.389646, 22.347968], [120.368811, 22.327169], [120.358722, 22.321609]]]}}, {"type": "Feature", "properties": {"TOWNSN": "10013028", "TOWNID": "1001325", "COUNTYNAME": "屏東縣", "TOWNNAME": "枋山鄉", "FULLNAME": "屏東縣枋山鄉", "name": "枋山鄉", "centroid": [120.6637, 22.2517]}, "geometry": {"type": "Polygon", "coordinates": [[[120.640328, 22.355175], [120.641425, 22.35188], [120.624976, 22.345496], [120.644714, 22.304929], [120.64603, 22.285367], [120.653268, 22.265804], [120.670375, 22.244182], [120.669936, 22.238004], [120.679148, 22.218853], [120.692307, 22.206703], [120.697132, 22.193524], [120.692745, 22.181581], [120.700641, 22.154193], [120.700202, 22.142661], [120.698009, 22.142455], [120.700202, 22.147603], [120.693403, 22.177668], [120.683753, 22.19826], [120.686604, 22.206497], [120.676735, 22.222148], [120.670375, 22.236151], [120.650636, 22.253036], [120.652391, 22.267863], [120.643179, 22.291338], [120.642741, 22.302458], [120.630459, 22.319138], [120.606334, 22.340554], [120.618177, 22.350439], [120.640328, 22.355175]]]}}, {"type": "Feature", "properties": {"TOWNSN": "10013029", "TOWNID": "1001332", "COUNTYNAME": "屏東縣", "TOWNNAME": "獅子鄉", "FULLNAME": "屏東縣獅子鄉", "name": "獅子鄉", "centroid": [120.7395, 22.26]}, "geometry": {"type": "Polygon", "coordinates": [[[120.641425, 22.35188], [120.659847, 22.341172], [120.663576, 22.346732], [120.687262, 22.341172], [120.694061, 22.348379], [120.719283, 22.354763], [120.733977, 22.366913], [120.743408, 22.36753], [120.762927, 22.359088], [120.767314, 22.347556], [120.785079, 22.345496], [120.796922, 22.317903], [120.77806, 22.308636], [120.777841, 22.297928], [120.789904, 22.293398], [120.798019, 22.276512], [120.799554, 22.257155], [120.815345, 22.263127], [120.83947, 22.243564], [120.85877, 22.240887], [120.866446, 22.229767], [120.863156, 22.209792], [120.835741, 22.214117], [120.824117, 22.206909], [120.803063, 22.20485], [120.796045, 22.197643], [120.780034, 22.194348], [120.755471, 22.176638], [120.732661, 22.174579], [120.737486, 22.156046], [120.736171, 22.118362], [120.724108, 22.115891], [120.700202, 22.142661], [120.700641, 22.154193], [120.692745, 22.181581], [120.697132, 22.193524], [120.692307, 22.206703], [120.679148, 22.218853], [120.669936, 22.238004], [120.670375, 22.244182], [120.653268, 22.265804], [120.64603, 22.285367], [120.644714, 22.304929], [120.624976, 22.345496], [120.641425, 22.35188]]]}}, {"type": "Feature", "properties": {"TOWNSN": "10013030", "TOWNID": "1001333", "COUNTYNAME": "屏東縣", "TOWNNAME": "牡丹鄉", "FULLNAME": "屏東縣牡丹鄉", "name": "牡丹鄉", "centroid": [120.8283, 22.1599]}, "geometry": {"type": "Polygon", "coordinates": [[[120.866446, 22.229767], [120.880482, 22.234503], [120.896273, 22.246447], [120.899344, 22.234091], [120.893861, 22.218029], [120.896493, 22.203409], [120.89079, 22.193318], [120.893861, 22.177256], [120.891229, 22.148015], [120.896931, 22.144102], [120.883992, 22.138542], [120.851752, 22.145338], [120.856577, 22.130511], [120.848901, 22.116097], [120.828285, 22.103329], [120.81688, 22.085002], [120.814248, 22.064204], [120.801966, 22.060497], [120.794509, 22.068116], [120.792755, 22.100034], [120.754155, 22.112596], [120.745382, 22.097357], [120.736828, 22.103741], [120.736171, 22.118362], [120.737486, 22.156046], [120.732661, 22.174579], [120.755471, 22.176638], [120.780034, 22.194348], [120.796045, 22.197643], [120.803063, 22.20485], [120.824117, 22.206909], [120.835741, 22.214117], [120.863156, 22.209792], [120.866446, 22.229767]]]}}, {"type": "Feature", "properties": {"TOWNSN": "10013033", "TOWNID": "1001323", "COUNTYNAME": "屏東縣", "TOWNNAME": "車城鄉", "FULLNAME": "屏東縣車城鄉", "name": "車城鄉", "centroid": [120.7286, 22.0827]}, "geometry": {"type": "Polygon", "coordinates": [[[120.698009, 22.142455], [120.700202, 22.142661], [120.724108, 22.115891], [120.736171, 22.118362], [120.736828, 22.103741], [120.745382, 22.097357], [120.754155, 22.112596], [120.792755, 22.100034], [120.794509, 22.068116], [120.78464, 22.050407], [120.772797, 22.059673], [120.753277, 22.062762], [120.747136, 22.049789], [120.719064, 22.053084], [120.692745, 22.034756], [120.692526, 22.009634], [120.685727, 22.026931], [120.695158, 22.050613], [120.70722, 22.056584], [120.701299, 22.086032], [120.71687, 22.093239], [120.710072, 22.123922], [120.698009, 22.142455]]]}}, {"type": "Feature", "properties": {"TOWNSN": "10013034", "TOWNID": "1001324", "COUNTYNAME": "屏東縣", "TOWNNAME": "滿州鄉", "FULLNAME": "屏東縣滿州鄉", "name": "滿州鄉", "centroid": [120.8393, 22.0535]}, "geometry": {"type": "Polygon", "coordinates": [[[120.896931, 22.144102], [120.885746, 22.132776], [120.889036, 22.115685], [120.900002, 22.1058], [120.891448, 22.086238], [120.893861, 22.047936], [120.90066, 22.034345], [120.888159, 22.026108], [120.876754, 22.011693], [120.875219, 21.999955], [120.84583, 21.988217], [120.844295, 21.978951], [120.834425, 21.970714], [120.818635, 21.974009], [120.811397, 21.981422], [120.770823, 21.979363], [120.770823, 21.985746], [120.786614, 21.998514], [120.785298, 22.009428], [120.772577, 22.024048], [120.785298, 22.025284], [120.793413, 22.037433], [120.78464, 22.050407], [120.794509, 22.068116], [120.801966, 22.060497], [120.814248, 22.064204], [120.81688, 22.085002], [120.828285, 22.103329], [120.848901, 22.116097], [120.856577, 22.130511], [120.851752, 22.145338], [120.883992, 22.138542], [120.896931, 22.144102]]]}}, {"type": "Feature", "properties": {"TOWNSN": "10013036", "TOWNID": "1001304", "COUNTYNAME": "屏東縣", "TOWNNAME": "恆春鎮", "FULLNAME": "屏東縣恆春鎮", "name": "恆春鎮", "centroid": [120.7793, 21.978]}, "geometry": {"type": "Polygon", "coordinates": [[[120.78464, 22.050407], [120.793413, 22.037433], [120.785298, 22.025284], [120.772577, 22.024048], [120.785298, 22.009428], [120.786614, 21.998514], [120.770823, 21.985746], [120.770823, 21.979363], [120.811397, 21.981422], [120.818635, 21.974009], [120.834425, 21.970714], [120.844295, 21.978951], [120.841005, 21.949504], [120.861402, 21.917173], [120.866446, 21.900905], [120.848462, 21.900905], [120.847146, 21.913055], [120.834425, 21.918821], [120.822144, 21.934677], [120.798457, 21.937972], [120.782447, 21.944356], [120.766217, 21.958976], [120.754155, 21.956505], [120.743627, 21.944561], [120.746917, 21.934059], [120.73968, 21.91985], [120.728714, 21.918409], [120.711387, 21.934059], [120.715993, 21.972567], [120.706562, 21.995631], [120.692526, 22.009634], [120.692745, 22.034756], [120.719064, 22.053084], [120.747136, 22.049789], [120.753277, 22.062762], [120.772797, 22.059673], [120.78464, 22.050407]]]}}, {"type": "Feature", "properties": {"TOWNSN": "10008001", "TOWNID": "1000813", "COUNTYNAME": "南投縣", "TOWNNAME": "仁愛鄉", "FULLNAME": "南投縣仁愛鄉", "name": "仁愛鄉", "centroid": [121.1459, 24.0305]}, "geometry": {"type": "Polygon", "coordinates": [[[121.342588, 24.224146], [121.349387, 24.201082], [121.325262, 24.195934], [121.305962, 24.180078], [121.286223, 24.177607], [121.288416, 24.157632], [121.281398, 24.135598], [121.295434, 24.13251], [121.31627, 24.116447], [121.328551, 24.114388], [121.319121, 24.095237], [121.323068, 24.084941], [121.283152, 24.054052], [121.285565, 24.039226], [121.269993, 24.00669], [121.261001, 23.994128], [121.26473, 23.975389], [121.277889, 23.965917], [121.271967, 23.938323], [121.274599, 23.926585], [121.276134, 23.909699], [121.26122, 23.902698], [121.268239, 23.883547], [121.265168, 23.872839], [121.253106, 23.868103], [121.248939, 23.85204], [121.239289, 23.840303], [121.234683, 23.818063], [121.22284, 23.819298], [121.220646, 23.835566], [121.197399, 23.851011], [121.179634, 23.853276], [121.168668, 23.860689], [121.154412, 23.861719], [121.150245, 23.851011], [121.132699, 23.839273], [121.110987, 23.831036], [121.112522, 23.822181], [121.066904, 23.809208], [121.047165, 23.811679], [121.003959, 23.825888], [120.992555, 23.839479], [120.994967, 23.858218], [120.980492, 23.883547], [120.990142, 23.884782], [120.991239, 23.89549], [120.986194, 23.907434], [120.991458, 23.92432], [121.012951, 23.946766], [121.001547, 23.947383], [121.007907, 23.965299], [121.017338, 23.96777], [121.030935, 23.944089], [121.046068, 23.943471], [121.057473, 23.969006], [121.069316, 23.983008], [121.057692, 23.997835], [121.032909, 23.999276], [121.02611, 24.004013], [121.009223, 24.000306], [121.002424, 24.020487], [120.991019, 24.020075], [120.981369, 24.031401], [120.970842, 24.030989], [120.95856, 24.044992], [120.943646, 24.053023], [120.937505, 24.073821], [120.946936, 24.086177], [120.942988, 24.094619], [120.957025, 24.124067], [120.975228, 24.116859], [120.999573, 24.127979], [121.012293, 24.154338], [121.01975, 24.159692], [121.059447, 24.16381], [121.084449, 24.176783], [121.095635, 24.19264], [121.105285, 24.1982], [121.135551, 24.196964], [121.148052, 24.213644], [121.160992, 24.215909], [121.167571, 24.225999], [121.181827, 24.212614], [121.196741, 24.223734], [121.208145, 24.222293], [121.21955, 24.229706], [121.237315, 24.220233], [121.243894, 24.22291], [121.256615, 24.244944], [121.265168, 24.24618], [121.280082, 24.230324], [121.298505, 24.236296], [121.329867, 24.231559], [121.342588, 24.224146]]]}}, {"type": "Feature", "properties": {"TOWNSN": "10008002", "TOWNID": "1000810", "COUNTYNAME": "南投縣", "TOWNNAME": "國姓鄉", "FULLNAME": "南投縣國姓鄉", "name": "國姓鄉", "centroid": [120.875, 24.0326]}, "geometry": {"type": "Polygon", "coordinates": [[[120.837935, 24.117889], [120.853945, 24.124273], [120.857454, 24.117271], [120.872368, 24.116859], [120.881579, 24.100591], [120.891448, 24.097708], [120.896273, 24.116447], [120.919741, 24.107387], [120.932461, 24.112535], [120.949787, 24.127773], [120.957025, 24.124067], [120.942988, 24.094619], [120.946936, 24.086177], [120.937505, 24.073821], [120.943646, 24.053023], [120.939041, 24.045815], [120.917986, 24.048081], [120.902853, 24.039638], [120.901537, 24.029547], [120.888597, 24.018427], [120.909213, 24.003395], [120.903292, 23.989804], [120.907239, 23.971888], [120.885746, 23.965299], [120.879167, 23.953149], [120.879605, 23.924938], [120.877193, 23.910111], [120.865569, 23.907434], [120.853068, 23.892608], [120.84254, 23.921025], [120.841663, 23.93441], [120.828723, 23.937293], [120.828285, 23.953767], [120.836619, 23.966946], [120.830916, 23.992481], [120.808327, 24.001953], [120.797361, 24.015956], [120.779815, 24.020075], [120.796703, 24.040255], [120.80723, 24.064349], [120.829381, 24.07135], [120.828504, 24.094414], [120.837935, 24.117889]]]}}, {"type": "Feature", "properties": {"TOWNSN": "10008003", "TOWNID": "1000803", "COUNTYNAME": "南投縣", "TOWNNAME": "草屯鎮", "FULLNAME": "南投縣草屯鎮", "name": "草屯鎮", "centroid": [120.7283, 23.9848]}, "geometry": {"type": "Polygon", "coordinates": [[[120.678709, 24.014103], [120.706562, 24.005248], [120.731784, 24.008955], [120.74604, 23.998453], [120.770604, 24.009161], [120.779815, 24.020075], [120.797361, 24.015956], [120.808327, 24.001953], [120.830916, 23.992481], [120.836619, 23.966946], [120.811397, 23.969829], [120.787272, 23.956856], [120.775429, 23.95562], [120.764243, 23.967358], [120.734635, 23.949237], [120.69757, 23.96324], [120.685946, 23.961386], [120.671033, 23.944706], [120.664453, 23.945942], [120.646908, 23.963446], [120.649759, 23.985274], [120.637477, 23.993716], [120.642302, 24.008955], [120.672568, 24.005866], [120.678709, 24.014103]]]}}, {"type": "Feature", "properties": {"TOWNSN": "10008004", "TOWNID": "1000802", "COUNTYNAME": "南投縣", "TOWNNAME": "埔里鎮", "FULLNAME": "南投縣埔里鎮", "name": "埔里鎮", "centroid": [120.9641, 23.9797]}, "geometry": {"type": "Polygon", "coordinates": [[[120.943646, 24.053023], [120.95856, 24.044992], [120.970842, 24.030989], [120.981369, 24.031401], [120.991019, 24.020075], [121.002424, 24.020487], [121.009223, 24.000306], [121.02611, 24.004013], [121.032909, 23.999276], [121.057692, 23.997835], [121.069316, 23.983008], [121.057473, 23.969006], [121.046068, 23.943471], [121.030935, 23.944089], [121.017338, 23.96777], [121.007907, 23.965299], [121.001547, 23.947383], [121.012951, 23.946766], [120.991458, 23.92432], [120.986194, 23.907434], [120.991239, 23.89549], [120.964482, 23.928027], [120.943646, 23.933175], [120.928075, 23.92329], [120.916889, 23.928232], [120.909433, 23.922878], [120.893203, 23.932969], [120.879605, 23.924938], [120.879167, 23.953149], [120.885746, 23.965299], [120.907239, 23.971888], [120.903292, 23.989804], [120.909213, 24.003395], [120.888597, 24.018427], [120.901537, 24.029547], [120.902853, 24.039638], [120.917986, 24.048081], [120.939041, 24.045815], [120.943646, 24.053023]]]}}, {"type": "Feature", "properties": {"TOWNSN": "10008005", "TOWNID": "1000801", "COUNTYNAME": "南投縣", "TOWNNAME": "南投市", "FULLNAME": "南投縣南投市", "name": "南投市", "centroid": [120.677, 23.9303]}, "geometry": {"type": "Polygon", "coordinates": [[[120.629581, 23.956238], [120.635284, 23.952326], [120.646908, 23.963446], [120.664453, 23.945942], [120.671033, 23.944706], [120.685946, 23.961386], [120.69757, 23.96324], [120.734635, 23.949237], [120.734855, 23.930498], [120.726082, 23.930704], [120.71687, 23.919378], [120.711826, 23.899403], [120.727617, 23.88087], [120.714458, 23.890342], [120.682437, 23.880458], [120.629362, 23.889107], [120.637258, 23.924526], [120.628266, 23.931527], [120.635284, 23.936675], [120.629581, 23.956238]]]}}, {"type": "Feature", "properties": {"TOWNSN": "10008006", "TOWNID": "1000808", "COUNTYNAME": "南投縣", "TOWNNAME": "中寮鄉", "FULLNAME": "南投縣中寮鄉", "name": "中寮鄉", "centroid": [120.7875, 23.9089]}, "geometry": {"type": "Polygon", "coordinates": [[[120.734635, 23.949237], [120.764243, 23.967358], [120.775429, 23.95562], [120.787272, 23.956856], [120.811397, 23.969829], [120.836619, 23.966946], [120.828285, 23.953767], [120.828723, 23.937293], [120.841663, 23.93441], [120.84254, 23.921025], [120.853068, 23.892608], [120.846927, 23.87984], [120.848023, 23.859248], [120.841882, 23.855541], [120.819731, 23.855129], [120.811397, 23.850187], [120.786395, 23.852864], [120.773455, 23.845245], [120.754813, 23.858218], [120.737267, 23.858836], [120.727617, 23.88087], [120.711826, 23.899403], [120.71687, 23.919378], [120.726082, 23.930704], [120.734855, 23.930498], [120.734635, 23.949237]]]}}, {"type": "Feature", "properties": {"TOWNSN": "10008007", "TOWNID": "1000809", "COUNTYNAME": "南投縣", "TOWNNAME": "魚池鄉", "FULLNAME": "南投縣魚池鄉", "name": "魚池鄉", "centroid": [120.9273, 23.8758]}, "geometry": {"type": "Polygon", "coordinates": [[[120.991239, 23.89549], [120.990142, 23.884782], [120.980492, 23.883547], [120.994967, 23.858218], [120.992555, 23.839479], [120.975886, 23.837832], [120.958341, 23.845863], [120.93926, 23.843392], [120.933119, 23.829389], [120.91338, 23.8263], [120.905704, 23.812709], [120.873464, 23.813121], [120.867543, 23.822387], [120.881579, 23.844215], [120.869736, 23.859042], [120.874342, 23.86975], [120.865569, 23.907434], [120.877193, 23.910111], [120.879605, 23.924938], [120.893203, 23.932969], [120.909433, 23.922878], [120.916889, 23.928232], [120.928075, 23.92329], [120.943646, 23.933175], [120.964482, 23.928027], [120.991239, 23.89549]]]}}, {"type": "Feature", "properties": {"TOWNSN": "10008008", "TOWNID": "1000806", "COUNTYNAME": "南投縣", "TOWNNAME": "名間鄉", "FULLNAME": "南投縣名間鄉", "name": "名間鄉", "centroid": [120.6705, 23.8495]}, "geometry": {"type": "Polygon", "coordinates": [[[120.629362, 23.889107], [120.682437, 23.880458], [120.714458, 23.890342], [120.727617, 23.88087], [120.737267, 23.858836], [120.725643, 23.850393], [120.728056, 23.833919], [120.710291, 23.823829], [120.69757, 23.807973], [120.683753, 23.801383], [120.674323, 23.819916], [120.650636, 23.812915], [120.6366, 23.824858], [120.626511, 23.84092], [120.615764, 23.840715], [120.625853, 23.852658], [120.620151, 23.865631], [120.624756, 23.876957], [120.629362, 23.889107]]]}}, {"type": "Feature", "properties": {"TOWNSN": "10008009", "TOWNID": "1000805", "COUNTYNAME": "南投縣", "TOWNNAME": "集集鎮", "FULLNAME": "南投縣集集鎮", "name": "集集鎮", "centroid": [120.7873, 23.8416]}, "geometry": {"type": "Polygon", "coordinates": [[[120.737267, 23.858836], [120.754813, 23.858218], [120.773455, 23.845245], [120.786395, 23.852864], [120.811397, 23.850187], [120.819731, 23.855129], [120.841882, 23.855541], [120.843418, 23.837008], [120.834645, 23.838243], [120.828723, 23.821769], [120.811397, 23.817651], [120.799115, 23.815386], [120.764024, 23.816827], [120.728056, 23.833919], [120.725643, 23.850393], [120.737267, 23.858836]]]}}, {"type": "Feature", "properties": {"TOWNSN": "10008010", "TOWNID": "1000811", "COUNTYNAME": "南投縣", "TOWNNAME": "水里鄉", "FULLNAME": "南投縣水里鄉", "name": "水里鄉", "centroid": [120.8661, 23.8093]}, "geometry": {"type": "Polygon", "coordinates": [[[120.865569, 23.907434], [120.874342, 23.86975], [120.869736, 23.859042], [120.881579, 23.844215], [120.867543, 23.822387], [120.873464, 23.813121], [120.905704, 23.812709], [120.91338, 23.8263], [120.933119, 23.829389], [120.932461, 23.785939], [120.910529, 23.792116], [120.907459, 23.785939], [120.874342, 23.784085], [120.883553, 23.762875], [120.879167, 23.747019], [120.889255, 23.726632], [120.880263, 23.719219], [120.863814, 23.724367], [120.840786, 23.710776], [120.82982, 23.72169], [120.832671, 23.762875], [120.815783, 23.772965], [120.817099, 23.808796], [120.811397, 23.817651], [120.828723, 23.821769], [120.834645, 23.838243], [120.843418, 23.837008], [120.841882, 23.855541], [120.848023, 23.859248], [120.846927, 23.87984], [120.853068, 23.892608], [120.865569, 23.907434]]]}}, {"type": "Feature", "properties": {"TOWNSN": "10008011", "TOWNID": "1000807", "COUNTYNAME": "南投縣", "TOWNNAME": "鹿谷鄉", "FULLNAME": "南投縣鹿谷鄉", "name": "鹿谷鄉", "centroid": [120.7844, 23.7416]}, "geometry": {"type": "Polygon", "coordinates": [[[120.811397, 23.817651], [120.817099, 23.808796], [120.815783, 23.772965], [120.832671, 23.762875], [120.82982, 23.72169], [120.840786, 23.710776], [120.809423, 23.677828], [120.808327, 23.653941], [120.80394, 23.649411], [120.770823, 23.659501], [120.769068, 23.671856], [120.739022, 23.691419], [120.731346, 23.700892], [120.73946, 23.754432], [120.724327, 23.76061], [120.7138, 23.773171], [120.756787, 23.793764], [120.764024, 23.816827], [120.799115, 23.815386], [120.811397, 23.817651]]]}}, {"type": "Feature", "properties": {"TOWNSN": "10008012", "TOWNID": "1000804", "COUNTYNAME": "南投縣", "TOWNNAME": "竹山鎮", "FULLNAME": "南投縣竹山鎮", "name": "竹山鎮", "centroid": [120.7137, 23.6932]}, "geometry": {"type": "Polygon", "coordinates": [[[120.728056, 23.833919], [120.764024, 23.816827], [120.756787, 23.793764], [120.7138, 23.773171], [120.724327, 23.76061], [120.73946, 23.754432], [120.731346, 23.700892], [120.739022, 23.691419], [120.769068, 23.671856], [120.770823, 23.659501], [120.80394, 23.649411], [120.813809, 23.640762], [120.816441, 23.623258], [120.825214, 23.61255], [120.814029, 23.601018], [120.803721, 23.596694], [120.777403, 23.602666], [120.754813, 23.614403], [120.730907, 23.610697], [120.7138, 23.620787], [120.691429, 23.620169], [120.683534, 23.610697], [120.661383, 23.610285], [120.651733, 23.616257], [120.652829, 23.629642], [120.644934, 23.631083], [120.633968, 23.619346], [120.629143, 23.635202], [120.644495, 23.66815], [120.648004, 23.683182], [120.639012, 23.71057], [120.640328, 23.730957], [120.6559, 23.735487], [120.6559, 23.753814], [120.640328, 23.785939], [120.664015, 23.792116], [120.683753, 23.801383], [120.69757, 23.807973], [120.710291, 23.823829], [120.728056, 23.833919]]]}}, {"type": "Feature", "properties": {"TOWNSN": "10008013", "TOWNID": "1000812", "COUNTYNAME": "南投縣", "TOWNNAME": "信義鄉", "FULLNAME": "南投縣信義鄉", "name": "信義鄉", "centroid": [121.0282, 23.6603]}, "geometry": {"type": "Polygon", "coordinates": [[[120.933119, 23.829389], [120.93926, 23.843392], [120.958341, 23.845863], [120.975886, 23.837832], [120.992555, 23.839479], [121.003959, 23.825888], [121.047165, 23.811679], [121.066904, 23.809208], [121.112522, 23.822181], [121.110987, 23.831036], [121.132699, 23.839273], [121.150245, 23.851011], [121.154412, 23.861719], [121.168668, 23.860689], [121.179634, 23.853276], [121.197399, 23.851011], [121.220646, 23.835566], [121.22284, 23.819298], [121.234683, 23.818063], [121.227445, 23.808178], [121.228323, 23.785115], [121.204636, 23.772348], [121.206391, 23.762669], [121.228761, 23.744754], [121.241043, 23.709129], [121.239289, 23.686889], [121.23249, 23.677005], [121.235779, 23.66259], [121.223936, 23.638703], [121.224813, 23.627171], [121.213409, 23.600401], [121.194109, 23.600607], [121.179853, 23.590104], [121.153535, 23.58681], [121.15178, 23.57466], [121.160553, 23.569512], [121.157044, 23.559422], [121.146297, 23.554685], [121.150903, 23.545419], [121.146955, 23.527297], [121.135551, 23.515148], [121.120418, 23.52112], [121.092125, 23.514736], [121.068439, 23.518443], [121.062079, 23.499292], [121.03905, 23.474169], [121.059008, 23.462019], [121.051551, 23.450693], [121.015144, 23.435249], [121.015802, 23.451723], [121.007688, 23.462637], [120.957683, 23.469433], [120.947375, 23.467167], [120.917767, 23.47561], [120.887281, 23.47561], [120.880482, 23.467579], [120.863376, 23.473551], [120.83947, 23.47108], [120.827188, 23.483024], [120.820389, 23.521532], [120.808765, 23.535946], [120.814029, 23.556127], [120.820608, 23.56251], [120.825433, 23.586398], [120.814029, 23.601018], [120.825214, 23.61255], [120.816441, 23.623258], [120.813809, 23.640762], [120.80394, 23.649411], [120.808327, 23.653941], [120.809423, 23.677828], [120.840786, 23.710776], [120.863814, 23.724367], [120.880263, 23.719219], [120.889255, 23.726632], [120.879167, 23.747019], [120.883553, 23.762875], [120.874342, 23.784085], [120.907459, 23.785939], [120.910529, 23.792116], [120.932461, 23.785939], [120.933119, 23.829389]]]}}, {"type": "Feature", "properties": {"TOWNSN": "10005001", "TOWNID": "1000504", "COUNTYNAME": "苗栗縣", "TOWNNAME": "竹南鎮", "FULLNAME": "苗栗縣竹南鎮", "name": "竹南鎮", "centroid": [120.8789, 24.7027]}, "geometry": {"type": "Polygon", "coordinates": [[[120.878509, 24.735251], [120.89101, 24.73175], [120.905924, 24.740605], [120.916012, 24.72063], [120.934216, 24.713217], [120.924346, 24.704568], [120.885965, 24.702303], [120.876973, 24.647939], [120.865349, 24.66606], [120.840128, 24.665648], [120.829162, 24.672238], [120.833768, 24.680475], [120.858551, 24.700244], [120.865349, 24.723925], [120.878509, 24.735251]]]}}, {"type": "Feature", "properties": {"TOWNSN": "10005002", "TOWNID": "1000505", "COUNTYNAME": "苗栗縣", "TOWNNAME": "頭份市", "FULLNAME": "苗栗縣頭份市", "name": "頭份市", "centroid": [120.9259, 24.6774]}, "geometry": {"type": "Polygon", "coordinates": [[[120.934216, 24.713217], [120.935532, 24.712599], [120.955051, 24.704568], [120.973912, 24.711775], [120.976983, 24.673679], [120.950665, 24.679033], [120.939918, 24.657617], [120.928952, 24.662765], [120.910529, 24.653499], [120.912722, 24.641761], [120.896712, 24.625287], [120.87807, 24.634142], [120.876973, 24.647939], [120.885965, 24.702303], [120.924346, 24.704568], [120.934216, 24.713217]]]}}, {"type": "Feature", "properties": {"TOWNSN": "10005003", "TOWNID": "1000516", "COUNTYNAME": "苗栗縣", "TOWNNAME": "三灣鄉", "FULLNAME": "苗栗縣三灣鄉", "name": "三灣鄉", "centroid": [120.9562, 24.6365]}, "geometry": {"type": "Polygon", "coordinates": [[[120.976983, 24.673679], [120.99716, 24.654528], [121.010319, 24.656176], [121.008126, 24.644438], [120.98751, 24.63826], [120.96185, 24.642173], [120.95527, 24.631259], [120.960973, 24.616844], [120.979176, 24.620757], [120.983782, 24.606136], [120.97457, 24.583278], [120.949129, 24.601194], [120.94891, 24.605312], [120.914696, 24.60696], [120.910529, 24.628376], [120.896712, 24.625287], [120.912722, 24.641761], [120.910529, 24.653499], [120.928952, 24.662765], [120.939918, 24.657617], [120.950665, 24.679033], [120.976983, 24.673679]]]}}, {"type": "Feature", "properties": {"TOWNSN": "10005004", "TOWNID": "1000515", "COUNTYNAME": "苗栗縣", "TOWNNAME": "造橋鄉", "FULLNAME": "苗栗縣造橋鄉", "name": "造橋鄉", "centroid": [120.8857, 24.6227]}, "geometry": {"type": "Polygon", "coordinates": [[[120.840128, 24.665648], [120.865349, 24.66606], [120.876973, 24.647939], [120.87807, 24.634142], [120.896712, 24.625287], [120.910529, 24.628376], [120.914696, 24.60696], [120.94891, 24.605312], [120.949129, 24.601194], [120.936848, 24.589456], [120.921057, 24.597075], [120.905046, 24.59481], [120.891887, 24.603459], [120.839689, 24.603253], [120.829162, 24.625287], [120.813371, 24.626523], [120.840128, 24.665648]]]}}, {"type": "Feature", "properties": {"TOWNSN": "10005005", "TOWNID": "1000506", "COUNTYNAME": "苗栗縣", "TOWNNAME": "後龍鎮", "FULLNAME": "苗栗縣後龍鎮", "name": "後龍鎮", "centroid": [120.7833, 24.6057]}, "geometry": {"type": "Polygon", "coordinates": [[[120.829162, 24.672238], [120.840128, 24.665648], [120.813371, 24.626523], [120.829162, 24.625287], [120.839689, 24.603253], [120.835083, 24.598929], [120.843856, 24.586367], [120.823679, 24.597487], [120.80723, 24.598929], [120.799334, 24.588221], [120.78464, 24.587809], [120.778499, 24.569276], [120.769068, 24.581425], [120.752839, 24.581219], [120.732223, 24.568246], [120.726959, 24.560009], [120.718406, 24.572776], [120.708098, 24.5736], [120.711168, 24.585955], [120.726301, 24.608195], [120.759199, 24.613961], [120.761612, 24.639496], [120.780254, 24.660912], [120.829162, 24.672238]]]}}, {"type": "Feature", "properties": {"TOWNSN": "10005006", "TOWNID": "1000512", "COUNTYNAME": "苗栗縣", "TOWNNAME": "頭屋鄉", "FULLNAME": "苗栗縣頭屋鄉", "name": "頭屋鄉", "centroid": [120.8793, 24.5751]}, "geometry": {"type": "Polygon", "coordinates": [[[120.839689, 24.603253], [120.891887, 24.603459], [120.905046, 24.59481], [120.921057, 24.597075], [120.936848, 24.589456], [120.919083, 24.55795], [120.911187, 24.55795], [120.903511, 24.542094], [120.888597, 24.543947], [120.867104, 24.538387], [120.845611, 24.549095], [120.841444, 24.560421], [120.843856, 24.586367], [120.835083, 24.598929], [120.839689, 24.603253]]]}}, {"type": "Feature", "properties": {"TOWNSN": "10005007", "TOWNID": "1000511", "COUNTYNAME": "苗栗縣", "TOWNNAME": "南庄鄉", "FULLNAME": "苗栗縣南庄鄉", "name": "南庄鄉", "centroid": [121.0191, 24.5784]}, "geometry": {"type": "Polygon", "coordinates": [[[121.008126, 24.644438], [121.025233, 24.641143], [121.0294, 24.632906], [121.043217, 24.627346], [121.053306, 24.615403], [121.062517, 24.621786], [121.071509, 24.613961], [121.083133, 24.590074], [121.075457, 24.581013], [121.070632, 24.563304], [121.062737, 24.557538], [121.080502, 24.54127], [121.078308, 24.528708], [121.066904, 24.522737], [121.071948, 24.498438], [121.026768, 24.492672], [121.020408, 24.507086], [121.012293, 24.510793], [120.998257, 24.501526], [120.965578, 24.506469], [120.949568, 24.527473], [120.956367, 24.55136], [120.969965, 24.56907], [120.97457, 24.583278], [120.983782, 24.606136], [120.979176, 24.620757], [120.960973, 24.616844], [120.95527, 24.631259], [120.96185, 24.642173], [120.98751, 24.63826], [121.008126, 24.644438]]]}}, {"type": "Feature", "properties": {"TOWNSN": "10005008", "TOWNID": "1000501", "COUNTYNAME": "苗栗縣", "TOWNNAME": "苗栗市", "FULLNAME": "苗栗縣苗栗市", "name": "苗栗市", "centroid": [120.8039, 24.564]}, "geometry": {"type": "Polygon", "coordinates": [[[120.778499, 24.569276], [120.78464, 24.587809], [120.799334, 24.588221], [120.80723, 24.598929], [120.823679, 24.597487], [120.843856, 24.586367], [120.841444, 24.560421], [120.834645, 24.548889], [120.812713, 24.526855], [120.787491, 24.519442], [120.783324, 24.533445], [120.792097, 24.546418], [120.787053, 24.563716], [120.778499, 24.569276]]]}}, {"type": "Feature", "properties": {"TOWNSN": "10005009", "TOWNID": "1000514", "COUNTYNAME": "苗栗縣", "TOWNNAME": "西湖鄉", "FULLNAME": "苗栗縣西湖鄉", "name": "西湖鄉", "centroid": [120.7628, 24.5392]}, "geometry": {"type": "Polygon", "coordinates": [[[120.726959, 24.560009], [120.732223, 24.568246], [120.752839, 24.581219], [120.769068, 24.581425], [120.778499, 24.569276], [120.787053, 24.563716], [120.792097, 24.546418], [120.783324, 24.533445], [120.787491, 24.519442], [120.777622, 24.511823], [120.763366, 24.487318], [120.755909, 24.492672], [120.758541, 24.504821], [120.750207, 24.507498], [120.726959, 24.560009]]]}}, {"type": "Feature", "properties": {"TOWNSN": "10005010", "TOWNID": "1000517", "COUNTYNAME": "苗栗縣", "TOWNNAME": "獅潭鄉", "FULLNAME": "苗栗縣獅潭鄉", "name": "獅潭鄉", "centroid": [120.9228, 24.5211]}, "geometry": {"type": "Polygon", "coordinates": [[[120.936848, 24.589456], [120.949129, 24.601194], [120.97457, 24.583278], [120.969965, 24.56907], [120.956367, 24.55136], [120.949568, 24.527473], [120.965578, 24.506469], [120.949568, 24.506469], [120.933119, 24.49679], [120.921276, 24.495555], [120.921934, 24.480934], [120.910968, 24.452722], [120.904169, 24.447162], [120.885965, 24.446133], [120.874122, 24.457253], [120.865788, 24.469608], [120.883334, 24.509146], [120.895177, 24.514911], [120.90702, 24.533651], [120.903511, 24.542094], [120.911187, 24.55795], [120.919083, 24.55795], [120.936848, 24.589456]]]}}, {"type": "Feature", "properties": {"TOWNSN": "10005011", "TOWNID": "1000509", "COUNTYNAME": "苗栗縣", "TOWNNAME": "公館鄉", "FULLNAME": "苗栗縣公館鄉", "name": "公館鄉", "centroid": [120.8606, 24.5098]}, "geometry": {"type": "Polygon", "coordinates": [[[120.841444, 24.560421], [120.845611, 24.549095], [120.867104, 24.538387], [120.888597, 24.543947], [120.903511, 24.542094], [120.90702, 24.533651], [120.895177, 24.514911], [120.883334, 24.509146], [120.865788, 24.469608], [120.874122, 24.457253], [120.867323, 24.455811], [120.844953, 24.435425], [120.844733, 24.44675], [120.812713, 24.47455], [120.812713, 24.526855], [120.834645, 24.548889], [120.841444, 24.560421]]]}}, {"type": "Feature", "properties": {"TOWNSN": "10005012", "TOWNID": "1000503", "COUNTYNAME": "苗栗縣", "TOWNNAME": "通霄鎮", "FULLNAME": "苗栗縣通霄鎮", "name": "通霄鎮", "centroid": [120.7154, 24.4846]}, "geometry": {"type": "Polygon", "coordinates": [[[120.708098, 24.5736], [120.718406, 24.572776], [120.726959, 24.560009], [120.750207, 24.507498], [120.758541, 24.504821], [120.755909, 24.492672], [120.763366, 24.487318], [120.751304, 24.466107], [120.754593, 24.440779], [120.751304, 24.428423], [120.748452, 24.404742], [120.728714, 24.409272], [120.711387, 24.433983], [120.684631, 24.445309], [120.680244, 24.451487], [120.653268, 24.462401], [120.649101, 24.464872], [120.666646, 24.484435], [120.666208, 24.489789], [120.687043, 24.523148], [120.708098, 24.5736]]]}}, {"type": "Feature", "properties": {"TOWNSN": "10005015", "TOWNID": "1000510", "COUNTYNAME": "苗栗縣", "TOWNNAME": "銅鑼鄉", "FULLNAME": "苗栗縣銅鑼鄉", "name": "銅鑼鄉", "centroid": [120.7974, 24.4503]}, "geometry": {"type": "Polygon", "coordinates": [[[120.787491, 24.519442], [120.812713, 24.526855], [120.812713, 24.47455], [120.844733, 24.44675], [120.844953, 24.435425], [120.836619, 24.411743], [120.840786, 24.406183], [120.822802, 24.389092], [120.813371, 24.389298], [120.801528, 24.409066], [120.786175, 24.420598], [120.788149, 24.433777], [120.773455, 24.438102], [120.751304, 24.428423], [120.754593, 24.440779], [120.751304, 24.466107], [120.763366, 24.487318], [120.777622, 24.511823], [120.787491, 24.519442]]]}}, {"type": "Feature", "properties": {"TOWNSN": "10005016", "TOWNID": "1000502", "COUNTYNAME": "苗栗縣", "TOWNNAME": "苑裡鎮", "FULLNAME": "苗栗縣苑裡鎮", "name": "苑裡鎮", "centroid": [120.6907, 24.41]}, "geometry": {"type": "Polygon", "coordinates": [[[120.748452, 24.404742], [120.729591, 24.377354], [120.724327, 24.354084], [120.718186, 24.355732], [120.70722, 24.357791], [120.692745, 24.367058], [120.658093, 24.406595], [120.648882, 24.409478], [120.63967, 24.427805], [120.621247, 24.440985], [120.647127, 24.461371], [120.653268, 24.462401], [120.680244, 24.451487], [120.684631, 24.445309], [120.711387, 24.433983], [120.728714, 24.409272], [120.748452, 24.404742]]]}}, {"type": "Feature", "properties": {"TOWNSN": "10005017", "TOWNID": "1000518", "COUNTYNAME": "苗栗縣", "TOWNNAME": "泰安鄉", "FULLNAME": "苗栗縣泰安鄉", "name": "泰安鄉", "centroid": [121.0631, 24.411]}, "geometry": {"type": "Polygon", "coordinates": [[[121.20332, 24.51244], [121.223498, 24.506057], [121.218673, 24.498232], [121.234683, 24.487729], [121.244333, 24.47002], [121.262536, 24.455399], [121.259466, 24.429041], [121.244991, 24.422657], [121.242359, 24.405154], [121.230735, 24.383738], [121.215383, 24.379413], [121.206829, 24.397946], [121.196521, 24.396711], [121.189503, 24.381472], [121.172835, 24.373029], [121.167571, 24.36088], [121.140814, 24.359644], [121.124804, 24.341729], [121.121076, 24.330609], [121.108794, 24.330815], [121.086204, 24.317636], [121.081159, 24.324019], [121.055061, 24.310017], [121.05199, 24.299514], [121.034225, 24.297661], [121.017557, 24.31187], [121.004617, 24.331845], [120.991677, 24.329579], [120.935751, 24.342759], [120.916232, 24.334728], [120.921934, 24.302397], [120.909871, 24.293954], [120.914258, 24.303839], [120.909871, 24.326696], [120.903292, 24.335139], [120.909871, 24.354908], [120.906362, 24.364381], [120.9136, 24.367058], [120.917986, 24.402889], [120.907239, 24.416274], [120.913161, 24.435425], [120.904169, 24.447162], [120.910968, 24.452722], [120.921934, 24.480934], [120.921276, 24.495555], [120.933119, 24.49679], [120.949568, 24.506469], [120.965578, 24.506469], [120.998257, 24.501526], [121.012293, 24.510793], [121.020408, 24.507086], [121.026768, 24.492672], [121.071948, 24.498438], [121.086423, 24.500909], [121.098486, 24.496584], [121.123707, 24.509969], [121.169106, 24.502556], [121.195425, 24.507086], [121.20332, 24.51244]]]}}, {"type": "Feature", "properties": {"TOWNSN": "10005018", "TOWNID": "1000508", "COUNTYNAME": "苗栗縣", "TOWNNAME": "大湖鄉", "FULLNAME": "苗栗縣大湖鄉", "name": "大湖鄉", "centroid": [120.8513, 24.3917]}, "geometry": {"type": "Polygon", "coordinates": [[[120.874122, 24.457253], [120.885965, 24.446133], [120.904169, 24.447162], [120.913161, 24.435425], [120.907239, 24.416274], [120.917986, 24.402889], [120.9136, 24.367058], [120.906362, 24.364381], [120.874561, 24.362321], [120.859866, 24.354908], [120.851313, 24.35985], [120.830478, 24.342964], [120.796045, 24.33967], [120.781789, 24.344818], [120.776087, 24.339258], [120.777622, 24.349966], [120.795387, 24.35635], [120.811178, 24.375295], [120.818635, 24.375912], [120.822802, 24.389092], [120.840786, 24.406183], [120.836619, 24.411743], [120.844953, 24.435425], [120.867323, 24.455811], [120.874122, 24.457253]]]}}, {"type": "Feature", "properties": {"TOWNSN": "10005019", "TOWNID": "1000513", "COUNTYNAME": "苗栗縣", "TOWNNAME": "三義鄉", "FULLNAME": "苗栗縣三義鄉", "name": "三義鄉", "centroid": [120.7784, 24.3842]}, "geometry": {"type": "Polygon", "coordinates": [[[120.751304, 24.428423], [120.773455, 24.438102], [120.788149, 24.433777], [120.786175, 24.420598], [120.801528, 24.409066], [120.813371, 24.389298], [120.822802, 24.389092], [120.818635, 24.375912], [120.811178, 24.375295], [120.795387, 24.35635], [120.777622, 24.349966], [120.776087, 24.339258], [120.777403, 24.320725], [120.764243, 24.325667], [120.724327, 24.354084], [120.729591, 24.377354], [120.748452, 24.404742], [120.751304, 24.428423]]]}}, {"type": "Feature", "properties": {"TOWNSN": "10005020", "TOWNID": "1000507", "COUNTYNAME": "苗栗縣", "TOWNNAME": "卓蘭鎮", "FULLNAME": "苗栗縣卓蘭鎮", "name": "卓蘭鎮", "centroid": [120.8593, 24.3295]}, "geometry": {"type": "Polygon", "coordinates": [[[120.906362, 24.364381], [120.909871, 24.354908], [120.903292, 24.335139], [120.909871, 24.326696], [120.914258, 24.303839], [120.909871, 24.293954], [120.905924, 24.292513], [120.87478, 24.294778], [120.857454, 24.289218], [120.83311, 24.29066], [120.806353, 24.315782], [120.777403, 24.320725], [120.776087, 24.339258], [120.781789, 24.344818], [120.796045, 24.33967], [120.830478, 24.342964], [120.851313, 24.35985], [120.859866, 24.354908], [120.874561, 24.362321], [120.906362, 24.364381]]]}}, {"type": "Feature", "properties": {"TOWNSN": "10017009", "TOWNID": "1001701", "COUNTYNAME": "基隆市", "TOWNNAME": "中正區", "FULLNAME": "基隆市中正區", "name": "中正區", "centroid": [123.5127, 25.7802]}, "geometry": {"type": "Polygon", "coordinates": [[[123.507048, 25.77414], [123.5031, 25.779906], [123.522839, 25.792055], [123.523497, 25.78073], [123.507048, 25.77414]]]}}, {"type": "Feature", "properties": {"TOWNSN": "10017021", "TOWNID": "1001705", "COUNTYNAME": "基隆市", "TOWNNAME": "中山區", "FULLNAME": "基隆市中山區", "name": "中山區", "centroid": [121.7361, 25.1509]}, "geometry": {"type": "Polygon", "coordinates": [[[121.752276, 25.158632], [121.751837, 25.144217], [121.740213, 25.131655], [121.736266, 25.12939], [121.712579, 25.148747], [121.712579, 25.165015], [121.724861, 25.165015], [121.741749, 25.15719], [121.752276, 25.158632]]]}}, {"type": "Feature", "properties": {"TOWNSN": "10017024", "TOWNID": "1001706", "COUNTYNAME": "基隆市", "TOWNNAME": "安樂區", "FULLNAME": "基隆市安樂區", "name": "安樂區", "centroid": [121.7096, 25.1424]}, "geometry": {"type": "Polygon", "coordinates": [[[121.712579, 25.165015], [121.712579, 25.148747], [121.736266, 25.12939], [121.731879, 25.113534], [121.730344, 25.113122], [121.702929, 25.121153], [121.699859, 25.133921], [121.680997, 25.145658], [121.677488, 25.155749], [121.708631, 25.175517], [121.712579, 25.165015]]]}}, {"type": "Feature", "properties": {"TOWNSN": "10017025", "TOWNID": "1001701", "COUNTYNAME": "基隆市", "TOWNNAME": "中正區", "FULLNAME": "基隆市中正區", "name": "中正區", "centroid": [121.7673, 25.1455]}, "geometry": {"type": "Polygon", "coordinates": [[[121.75425, 25.162132], [121.765216, 25.163574], [121.803158, 25.135774], [121.794605, 25.126301], [121.777059, 25.144629], [121.746135, 25.129596], [121.742626, 25.13145], [121.768286, 25.154101], [121.75425, 25.162132]]]}}, {"type": "Feature", "properties": {"TOWNSN": "10017027", "TOWNID": "1001707", "COUNTYNAME": "基隆市", "TOWNNAME": "信義區", "FULLNAME": "基隆市信義區", "name": "信義區", "centroid": [121.7728, 25.1237]}, "geometry": {"type": "Polygon", "coordinates": [[[121.794605, 25.126301], [121.797675, 25.114358], [121.772892, 25.120124], [121.766751, 25.112504], [121.751837, 25.111063], [121.753811, 25.128155], [121.746135, 25.129596], [121.777059, 25.144629], [121.794605, 25.126301]]]}}, {"type": "Feature", "properties": {"TOWNSN": "10017028", "TOWNID": "1001704", "COUNTYNAME": "基隆市", "TOWNNAME": "仁愛區", "FULLNAME": "基隆市仁愛區", "name": "仁愛區", "centroid": [121.7432, 25.1223]}, "geometry": {"type": "Polygon", "coordinates": [[[121.740213, 25.131655], [121.742626, 25.13145], [121.746135, 25.129596], [121.753811, 25.128155], [121.751837, 25.111063], [121.749863, 25.109622], [121.739117, 25.106739], [121.731879, 25.113534], [121.736266, 25.12939], [121.740213, 25.131655]]]}}, {"type": "Feature", "properties": {"TOWNSN": "10017029", "TOWNID": "1001702", "COUNTYNAME": "基隆市", "TOWNNAME": "七堵區", "FULLNAME": "基隆市七堵區", "name": "七堵區", "centroid": [121.6871, 25.1137]}, "geometry": {"type": "Polygon", "coordinates": [[[121.677488, 25.155749], [121.680997, 25.145658], [121.699859, 25.133921], [121.702929, 25.121153], [121.730344, 25.113122], [121.723984, 25.102414], [121.729028, 25.091294], [121.723545, 25.077085], [121.728151, 25.055052], [121.71236, 25.068025], [121.699201, 25.067407], [121.655776, 25.093353], [121.648977, 25.102002], [121.643055, 25.127743], [121.626606, 25.139687], [121.649196, 25.144835], [121.657969, 25.152248], [121.677488, 25.155749]]]}}, {"type": "Feature", "properties": {"TOWNSN": "10017030", "TOWNID": "1001703", "COUNTYNAME": "基隆市", "TOWNNAME": "暖暖區", "FULLNAME": "基隆市暖暖區", "name": "暖暖區", "centroid": [121.7412, 25.0887]}, "geometry": {"type": "Polygon", "coordinates": [[[121.730344, 25.113122], [121.731879, 25.113534], [121.739117, 25.106739], [121.749863, 25.109622], [121.759952, 25.100561], [121.761707, 25.078527], [121.775743, 25.070084], [121.762365, 25.057111], [121.730125, 25.053404], [121.728151, 25.055052], [121.723545, 25.077085], [121.729028, 25.091294], [121.723984, 25.102414], [121.730344, 25.113122]]]}}, {"type": "Feature", "properties": {"TOWNSN": "10012001", "TOWNID": "1001227", "COUNTYNAME": "高雄市", "TOWNNAME": "那瑪夏區", "FULLNAME": "高雄市那瑪夏區", "name": "那瑪夏區", "centroid": [120.7194, 23.2671]}, "geometry": {"type": "Polygon", "coordinates": [[[120.804598, 23.370795], [120.82346, 23.341142], [120.811836, 23.333934], [120.791439, 23.304281], [120.778718, 23.295015], [120.756129, 23.231796], [120.745382, 23.219028], [120.743189, 23.206055], [120.724108, 23.184433], [120.715335, 23.183403], [120.699106, 23.169195], [120.691429, 23.171666], [120.680902, 23.18258], [120.682657, 23.194729], [120.657874, 23.200907], [120.651513, 23.208526], [120.653487, 23.224588], [120.648443, 23.248887], [120.642083, 23.256713], [120.642083, 23.293161], [120.651952, 23.291102], [120.658093, 23.295838], [120.693623, 23.284512], [120.703492, 23.289249], [120.703711, 23.300369], [120.712045, 23.308606], [120.730249, 23.311077], [120.748233, 23.321991], [120.768849, 23.343819], [120.783105, 23.342171], [120.804598, 23.370795]]]}}, {"type": "Feature", "properties": {"TOWNSN": "10012002", "TOWNID": "1001226", "COUNTYNAME": "高雄市", "TOWNNAME": "桃源區", "FULLNAME": "高雄市桃源區", "name": "桃源區", "centroid": [120.8521, 23.2128]}, "geometry": {"type": "Polygon", "coordinates": [[[120.957683, 23.469433], [121.007688, 23.462637], [121.015802, 23.451723], [121.015144, 23.435249], [121.029181, 23.422688], [121.026549, 23.406008], [120.988168, 23.370589], [120.987072, 23.358645], [121.000889, 23.356174], [121.009881, 23.346084], [121.019969, 23.350408], [121.024575, 23.339906], [121.0487, 23.325285], [121.046507, 23.309017], [121.028304, 23.297074], [121.010539, 23.292749], [120.986194, 23.280394], [120.971061, 23.281218], [120.937944, 23.245181], [120.915793, 23.237973], [120.911626, 23.209144], [120.906581, 23.196583], [120.912503, 23.186698], [120.898467, 23.176196], [120.894958, 23.160752], [120.876315, 23.151279], [120.887939, 23.136659], [120.885088, 23.119773], [120.889475, 23.110094], [120.885527, 23.088884], [120.869078, 23.059643], [120.88136, 23.043993], [120.879605, 23.034726], [120.860963, 23.029784], [120.860524, 23.007956], [120.829381, 22.975214], [120.808107, 22.988599], [120.798676, 22.985716], [120.782228, 22.993541], [120.77192, 22.983863], [120.740118, 22.985098], [120.724327, 23.002396], [120.686604, 22.978097], [120.670813, 22.982627], [120.693623, 22.997454], [120.674761, 23.003837], [120.698448, 23.025459], [120.701079, 23.036373], [120.724327, 23.057995], [120.708975, 23.073028], [120.709194, 23.098357], [120.729372, 23.098151], [120.744724, 23.117714], [120.731784, 23.120802], [120.70744, 23.116478], [120.691649, 23.134805], [120.679806, 23.140777], [120.691429, 23.171666], [120.699106, 23.169195], [120.715335, 23.183403], [120.724108, 23.184433], [120.743189, 23.206055], [120.745382, 23.219028], [120.756129, 23.231796], [120.778718, 23.295015], [120.791439, 23.304281], [120.811836, 23.333934], [120.82346, 23.341142], [120.804598, 23.370795], [120.821266, 23.370589], [120.849339, 23.41198], [120.849559, 23.420217], [120.887062, 23.435249], [120.900441, 23.453988], [120.912942, 23.458519], [120.926978, 23.455842], [120.936628, 23.463667], [120.957683, 23.469433]]]}}, {"type": "Feature", "properties": {"TOWNSN": "10012003", "TOWNID": "1001222", "COUNTYNAME": "高雄市", "TOWNNAME": "甲仙區", "FULLNAME": "高雄市甲仙區", "name": "甲仙區", "centroid": [120.6256, 23.1209]}, "geometry": {"type": "Polygon", "coordinates": [[[120.651513, 23.208526], [120.657874, 23.200907], [120.682657, 23.194729], [120.680902, 23.18258], [120.691429, 23.171666], [120.679806, 23.140777], [120.676296, 23.130481], [120.656338, 23.113389], [120.648662, 23.091355], [120.637038, 23.087237], [120.639889, 23.078588], [120.624318, 23.065203], [120.624976, 23.048111], [120.608307, 23.036167], [120.585937, 23.053259], [120.576945, 23.045022], [120.546679, 23.042551], [120.541415, 23.06232], [120.553258, 23.06788], [120.574752, 23.091355], [120.58813, 23.114213], [120.588569, 23.123479], [120.616642, 23.163017], [120.631117, 23.17043], [120.640109, 23.18258], [120.6366, 23.190405], [120.651513, 23.208526]]]}}, {"type": "Feature", "properties": {"TOWNSN": "10012004", "TOWNID": "1001221", "COUNTYNAME": "高雄市", "TOWNNAME": "六龜區", "FULLNAME": "高雄市六龜區", "name": "六龜區", "centroid": [120.6597, 23.0131]}, "geometry": {"type": "Polygon", "coordinates": [[[120.679806, 23.140777], [120.691649, 23.134805], [120.70744, 23.116478], [120.731784, 23.120802], [120.744724, 23.117714], [120.729372, 23.098151], [120.709194, 23.098357], [120.708975, 23.073028], [120.724327, 23.057995], [120.701079, 23.036373], [120.698448, 23.025459], [120.674761, 23.003837], [120.693623, 22.997454], [120.670813, 22.982627], [120.663357, 22.966359], [120.672568, 22.945561], [120.670594, 22.918379], [120.649978, 22.885019], [120.649101, 22.876988], [120.647785, 22.879459], [120.644934, 22.885225], [120.605456, 22.873075], [120.595148, 22.863603], [120.592297, 22.874105], [120.603263, 22.921673], [120.616203, 22.923115], [120.626292, 22.944531], [120.627827, 22.972743], [120.62366, 22.977891], [120.618396, 22.998071], [120.619712, 23.023606], [120.608307, 23.036167], [120.624976, 23.048111], [120.624318, 23.065203], [120.639889, 23.078588], [120.637038, 23.087237], [120.648662, 23.091355], [120.656338, 23.113389], [120.676296, 23.130481], [120.679806, 23.140777]]]}}, {"type": "Feature", "properties": {"TOWNSN": "10012005", "TOWNID": "1001223", "COUNTYNAME": "高雄市", "TOWNNAME": "杉林區", "FULLNAME": "高雄市杉林區", "name": "杉林區", "centroid": [120.555, 22.9923]}, "geometry": {"type": "Polygon", "coordinates": [[[120.541415, 23.06232], [120.546679, 23.042551], [120.576945, 23.045022], [120.585937, 23.053259], [120.608307, 23.036167], [120.619712, 23.023606], [120.618396, 22.998071], [120.62366, 22.977891], [120.609623, 22.979332], [120.589665, 22.974802], [120.577603, 22.965329], [120.57212, 22.942472], [120.55589, 22.942266], [120.543608, 22.934441], [120.527159, 22.916525], [120.516632, 22.911377], [120.52387, 22.929498], [120.519703, 22.936088], [120.522334, 22.960593], [120.529353, 22.97336], [120.520361, 22.97995], [120.534397, 23.012898], [120.53352, 23.028136], [120.513562, 23.018664], [120.502157, 23.027519], [120.531546, 23.056554], [120.541415, 23.06232]]]}}, {"type": "Feature", "properties": {"TOWNSN": "10012006", "TOWNID": "1001224", "COUNTYNAME": "高雄市", "TOWNNAME": "內門區", "FULLNAME": "高雄市內門區", "name": "內門區", "centroid": [120.4738, 22.959]}, "geometry": {"type": "Polygon", "coordinates": [[[120.460267, 23.003425], [120.478471, 23.003425], [120.482638, 23.015575], [120.502157, 23.027519], [120.513562, 23.018664], [120.53352, 23.028136], [120.534397, 23.012898], [120.520361, 22.97995], [120.511588, 22.975626], [120.51071, 22.958328], [120.498429, 22.948238], [120.495797, 22.932999], [120.481102, 22.93197], [120.48198, 22.920026], [120.469259, 22.89861], [120.458732, 22.888314], [120.44316, 22.885637], [120.433729, 22.886872], [120.417281, 22.908494], [120.408727, 22.912407], [120.416403, 22.916319], [120.435265, 22.959358], [120.444915, 22.979538], [120.453249, 22.978509], [120.460267, 23.003425]]]}}, {"type": "Feature", "properties": {"TOWNSN": "10012007", "TOWNID": "1001225", "COUNTYNAME": "高雄市", "TOWNNAME": "茂林區", "FULLNAME": "高雄市茂林區", "name": "茂林區", "centroid": [120.7645, 22.9105]}, "geometry": {"type": "Polygon", "coordinates": [[[120.670813, 22.982627], [120.686604, 22.978097], [120.724327, 23.002396], [120.740118, 22.985098], [120.77192, 22.983863], [120.782228, 22.993541], [120.798676, 22.985716], [120.808107, 22.988599], [120.829381, 22.975214], [120.830258, 22.970272], [120.821047, 22.960799], [120.821924, 22.935264], [120.833329, 22.912201], [120.828504, 22.90417], [120.841882, 22.881312], [120.859866, 22.878223], [120.859209, 22.863191], [120.869517, 22.857837], [120.864692, 22.84301], [120.853068, 22.857631], [120.847804, 22.851865], [120.837057, 22.86422], [120.822582, 22.86525], [120.801089, 22.851041], [120.792536, 22.840951], [120.774113, 22.837862], [120.755032, 22.864632], [120.724985, 22.880694], [120.705685, 22.881106], [120.690771, 22.865044], [120.672787, 22.856395], [120.661163, 22.85969], [120.658312, 22.878635], [120.649101, 22.876988], [120.649978, 22.885019], [120.670594, 22.918379], [120.672568, 22.945561], [120.663357, 22.966359], [120.670813, 22.982627]]]}}, {"type": "Feature", "properties": {"TOWNSN": "10012008", "TOWNID": "1001220", "COUNTYNAME": "高雄市", "TOWNNAME": "美濃區", "FULLNAME": "高雄市美濃區", "name": "美濃區", "centroid": [120.5616, 22.906]}, "geometry": {"type": "Polygon", "coordinates": [[[120.62366, 22.977891], [120.627827, 22.972743], [120.626292, 22.944531], [120.616203, 22.923115], [120.603263, 22.921673], [120.592297, 22.874105], [120.595148, 22.863603], [120.566637, 22.838274], [120.553258, 22.82839], [120.523431, 22.83292], [120.505227, 22.831478], [120.507859, 22.841981], [120.518387, 22.844452], [120.51729, 22.862367], [120.495358, 22.865044], [120.507859, 22.887078], [120.505666, 22.901287], [120.516632, 22.911377], [120.527159, 22.916525], [120.543608, 22.934441], [120.55589, 22.942266], [120.57212, 22.942472], [120.577603, 22.965329], [120.589665, 22.974802], [120.609623, 22.979332], [120.62366, 22.977891]]]}}, {"type": "Feature", "properties": {"TOWNSN": "10012009", "TOWNID": "1001214", "COUNTYNAME": "高雄市", "TOWNNAME": "湖內區", "FULLNAME": "高雄市湖內區", "name": "湖內區", "centroid": [120.2214, 22.8954]}, "geometry": {"type": "Polygon", "coordinates": [[[120.187653, 22.920232], [120.19204, 22.921261], [120.251914, 22.895109], [120.257397, 22.898404], [120.25959, 22.885431], [120.253888, 22.873899], [120.24029, 22.868339], [120.219893, 22.870604], [120.209147, 22.89202], [120.198839, 22.890991], [120.198619, 22.907876], [120.187653, 22.920232]]]}}, {"type": "Feature", "properties": {"TOWNSN": "10012010", "TOWNID": "1001215", "COUNTYNAME": "高雄市", "TOWNNAME": "茄萣區", "FULLNAME": "高雄市茄萣區", "name": "茄萣區", "centroid": [120.1966, 22.8876]}, "geometry": {"type": "Polygon", "coordinates": [[[120.175152, 22.911789], [120.187653, 22.920232], [120.198619, 22.907876], [120.198839, 22.890991], [120.209147, 22.89202], [120.219893, 22.870604], [120.213314, 22.851041], [120.196426, 22.850218], [120.191601, 22.86978], [120.175152, 22.911789]]]}}, {"type": "Feature", "properties": {"TOWNSN": "10012011", "TOWNID": "1001219", "COUNTYNAME": "高雄市", "TOWNNAME": "旗山區", "FULLNAME": "高雄市旗山區", "name": "旗山區", "centroid": [120.4829, 22.8822]}, "geometry": {"type": "Polygon", "coordinates": [[[120.520361, 22.97995], [120.529353, 22.97336], [120.522334, 22.960593], [120.519703, 22.936088], [120.52387, 22.929498], [120.516632, 22.911377], [120.505666, 22.901287], [120.507859, 22.887078], [120.495358, 22.865044], [120.51729, 22.862367], [120.518387, 22.844452], [120.507859, 22.841981], [120.505227, 22.831478], [120.476277, 22.838068], [120.468821, 22.830449], [120.463996, 22.800178], [120.454345, 22.77176], [120.428466, 22.777732], [120.431536, 22.786587], [120.421886, 22.793794], [120.417938, 22.808415], [120.436361, 22.834773], [120.44974, 22.847746], [120.442941, 22.868339], [120.448424, 22.874311], [120.44316, 22.885637], [120.458732, 22.888314], [120.469259, 22.89861], [120.48198, 22.920026], [120.481102, 22.93197], [120.495797, 22.932999], [120.498429, 22.948238], [120.51071, 22.958328], [120.511588, 22.975626], [120.520361, 22.97995]]]}}, {"type": "Feature", "properties": {"TOWNSN": "10012012", "TOWNID": "1001212", "COUNTYNAME": "高雄市", "TOWNNAME": "阿蓮區", "FULLNAME": "高雄市阿蓮區", "name": "阿蓮區", "centroid": [120.3161, 22.8766]}, "geometry": {"type": "Polygon", "coordinates": [[[120.278232, 22.896139], [120.278013, 22.904376], [120.316613, 22.898404], [120.32407, 22.900257], [120.332404, 22.889343], [120.351046, 22.888108], [120.356968, 22.874723], [120.350169, 22.866691], [120.344247, 22.841981], [120.334817, 22.835185], [120.294023, 22.839509], [120.306086, 22.85413], [120.304331, 22.881312], [120.292488, 22.882136], [120.278232, 22.896139]]]}}, {"type": "Feature", "properties": {"TOWNSN": "10012013", "TOWNID": "1001211", "COUNTYNAME": "高雄市", "TOWNNAME": "田寮區", "FULLNAME": "高雄市田寮區", "name": "田寮區", "centroid": [120.3964, 22.8747]}, "geometry": {"type": "Polygon", "coordinates": [[[120.371662, 22.910759], [120.380435, 22.920026], [120.398638, 22.922497], [120.408727, 22.912407], [120.417281, 22.908494], [120.433729, 22.886872], [120.44316, 22.885637], [120.448424, 22.874311], [120.442941, 22.868339], [120.44974, 22.847746], [120.436361, 22.834773], [120.417938, 22.808415], [120.358064, 22.831067], [120.350827, 22.825301], [120.344247, 22.841981], [120.350169, 22.866691], [120.356968, 22.874723], [120.351046, 22.888108], [120.371662, 22.910759]]]}}, {"type": "Feature", "properties": {"TOWNSN": "10012014", "TOWNID": "1001213", "COUNTYNAME": "高雄市", "TOWNNAME": "路竹區", "FULLNAME": "高雄市路竹區", "name": "路竹區", "centroid": [120.263, 22.8637]}, "geometry": {"type": "Polygon", "coordinates": [[[120.257397, 22.898404], [120.269898, 22.896756], [120.278232, 22.896139], [120.292488, 22.882136], [120.304331, 22.881312], [120.306086, 22.85413], [120.294023, 22.839509], [120.29512, 22.829213], [120.274504, 22.816652], [120.254765, 22.824889], [120.236342, 22.839921], [120.226912, 22.839098], [120.213314, 22.851041], [120.219893, 22.870604], [120.24029, 22.868339], [120.253888, 22.873899], [120.25959, 22.885431], [120.257397, 22.898404]]]}}, {"type": "Feature", "properties": {"TOWNSN": "10012015", "TOWNID": "1001216", "COUNTYNAME": "高雄市", "TOWNNAME": "永安區", "FULLNAME": "高雄市永安區", "name": "永安區", "centroid": [120.2263, 22.8216]}, "geometry": {"type": "Polygon", "coordinates": [[[120.196426, 22.850218], [120.213314, 22.851041], [120.226912, 22.839098], [120.236342, 22.839921], [120.254765, 22.824889], [120.26288, 22.802649], [120.25652, 22.795442], [120.24029, 22.796059], [120.231298, 22.802237], [120.215068, 22.803473], [120.203444, 22.806356], [120.208708, 22.819123], [120.196426, 22.850218]]]}}, {"type": "Feature", "properties": {"TOWNSN": "10012016", "TOWNID": "1001208", "COUNTYNAME": "高雄市", "TOWNNAME": "岡山區", "FULLNAME": "高雄市岡山區", "name": "岡山區", "centroid": [120.297, 22.8077]}, "geometry": {"type": "Polygon", "coordinates": [[[120.294023, 22.839509], [120.334817, 22.835185], [120.344247, 22.841981], [120.350827, 22.825301], [120.350388, 22.815416], [120.32407, 22.804914], [120.313762, 22.792971], [120.314859, 22.770731], [120.295997, 22.775879], [120.274723, 22.767024], [120.258713, 22.770113], [120.252353, 22.790705], [120.25652, 22.795442], [120.26288, 22.802649], [120.254765, 22.824889], [120.274504, 22.816652], [120.29512, 22.829213], [120.294023, 22.839509]]]}}, {"type": "Feature", "properties": {"TOWNSN": "10012017", "TOWNID": "1001210", "COUNTYNAME": "高雄市", "TOWNNAME": "燕巢區", "FULLNAME": "高雄市燕巢區", "name": "燕巢區", "centroid": [120.3694, 22.7816]}, "geometry": {"type": "Polygon", "coordinates": [[[120.350827, 22.825301], [120.358064, 22.831067], [120.417938, 22.808415], [120.421886, 22.793794], [120.431536, 22.786587], [120.428466, 22.777732], [120.419035, 22.774643], [120.411798, 22.757963], [120.404999, 22.766406], [120.396665, 22.760434], [120.383725, 22.763317], [120.367714, 22.749726], [120.345563, 22.754874], [120.336132, 22.748903], [120.331088, 22.75508], [120.337668, 22.757551], [120.329772, 22.774643], [120.314859, 22.770731], [120.313762, 22.792971], [120.32407, 22.804914], [120.350388, 22.815416], [120.350827, 22.825301]]]}}, {"type": "Feature", "properties": {"TOWNSN": "10012018", "TOWNID": "1001217", "COUNTYNAME": "高雄市", "TOWNNAME": "彌陀區", "FULLNAME": "高雄市彌陀區", "name": "彌陀區", "centroid": [120.2395, 22.7843]}, "geometry": {"type": "Polygon", "coordinates": [[[120.215068, 22.803473], [120.231298, 22.802237], [120.24029, 22.796059], [120.25652, 22.795442], [120.252353, 22.790705], [120.258713, 22.770113], [120.24336, 22.753639], [120.243141, 22.74396], [120.215068, 22.803473]]]}}, {"type": "Feature", "properties": {"TOWNSN": "10012019", "TOWNID": "1001209", "COUNTYNAME": "高雄市", "TOWNNAME": "橋頭區", "FULLNAME": "高雄市橋頭區", "name": "橋頭區", "centroid": [120.2986, 22.7529]}, "geometry": {"type": "Polygon", "coordinates": [[[120.274723, 22.767024], [120.295997, 22.775879], [120.314859, 22.770731], [120.329772, 22.774643], [120.337668, 22.757551], [120.331088, 22.75508], [120.311569, 22.730781], [120.301041, 22.729134], [120.291172, 22.737165], [120.277574, 22.737989], [120.26617, 22.729958], [120.27582, 22.755286], [120.274723, 22.767024]]]}}, {"type": "Feature", "properties": {"TOWNSN": "10012020", "TOWNID": "1001218", "COUNTYNAME": "高雄市", "TOWNNAME": "梓官區", "FULLNAME": "高雄市梓官區", "name": "梓官區", "centroid": [120.2595, 22.751]}, "geometry": {"type": "Polygon", "coordinates": [[[120.258713, 22.770113], [120.274723, 22.767024], [120.27582, 22.755286], [120.26617, 22.729958], [120.255642, 22.718014], [120.243141, 22.74396], [120.24336, 22.753639], [120.258713, 22.770113]]]}}, {"type": "Feature", "properties": {"TOWNSN": "10012021", "TOWNID": "1001205", "COUNTYNAME": "高雄市", "TOWNNAME": "大社區", "FULLNAME": "高雄市大社區", "name": "大社區", "centroid": [120.378, 22.7454]}, "geometry": {"type": "Polygon", "coordinates": [[[120.411798, 22.757963], [120.410701, 22.744166], [120.397322, 22.735312], [120.38833, 22.741901], [120.372759, 22.726251], [120.364425, 22.709159], [120.337448, 22.721103], [120.340738, 22.743755], [120.336132, 22.748903], [120.345563, 22.754874], [120.367714, 22.749726], [120.383725, 22.763317], [120.396665, 22.760434], [120.404999, 22.766406], [120.411798, 22.757963]]]}}, {"type": "Feature", "properties": {"TOWNSN": "10012022", "TOWNID": "1001204", "COUNTYNAME": "高雄市", "TOWNNAME": "大樹區", "FULLNAME": "高雄市大樹區", "name": "大樹區", "centroid": [120.4218, 22.716]}, "geometry": {"type": "Polygon", "coordinates": [[[120.428466, 22.777732], [120.454345, 22.77176], [120.455881, 22.718632], [120.447985, 22.68939], [120.442502, 22.684448], [120.436142, 22.651706], [120.415965, 22.643057], [120.40149, 22.643057], [120.402586, 22.666327], [120.392497, 22.694745], [120.403244, 22.724809], [120.397322, 22.735312], [120.410701, 22.744166], [120.411798, 22.757963], [120.419035, 22.774643], [120.428466, 22.777732]]]}}, {"type": "Feature", "properties": {"TOWNSN": "10012023", "TOWNID": "1001206", "COUNTYNAME": "高雄市", "TOWNNAME": "仁武區", "FULLNAME": "高雄市仁武區", "name": "仁武區", "centroid": [120.3654, 22.7055]}, "geometry": {"type": "Polygon", "coordinates": [[[120.397322, 22.735312], [120.403244, 22.724809], [120.392497, 22.694745], [120.389646, 22.696598], [120.365521, 22.671887], [120.339642, 22.672093], [120.328237, 22.671887], [120.32407, 22.68033], [120.314859, 22.69598], [120.337448, 22.721103], [120.364425, 22.709159], [120.372759, 22.726251], [120.38833, 22.741901], [120.397322, 22.735312]]]}}, {"type": "Feature", "properties": {"TOWNSN": "10012024", "TOWNID": "1001207", "COUNTYNAME": "高雄市", "TOWNNAME": "鳥松區", "FULLNAME": "高雄市鳥松區", "name": "鳥松區", "centroid": [120.3712, 22.6659]}, "geometry": {"type": "Polygon", "coordinates": [[[120.392497, 22.694745], [120.402586, 22.666327], [120.40149, 22.643057], [120.377803, 22.637703], [120.374513, 22.647382], [120.347318, 22.647176], [120.33701, 22.652324], [120.33372, 22.666327], [120.339642, 22.672093], [120.365521, 22.671887], [120.389646, 22.696598], [120.392497, 22.694745]]]}}, {"type": "Feature", "properties": {"TOWNSN": "10012025", "TOWNID": "1001201", "COUNTYNAME": "高雄市", "TOWNNAME": "鳳山區", "FULLNAME": "高雄市鳳山區", "name": "鳳山區", "centroid": [120.3498, 22.6179]}, "geometry": {"type": "Polygon", "coordinates": [[[120.347318, 22.647176], [120.374513, 22.647382], [120.377803, 22.637703], [120.382189, 22.629672], [120.370346, 22.58787], [120.339203, 22.584575], [120.325824, 22.584987], [120.322973, 22.596519], [120.338326, 22.605373], [120.326921, 22.612375], [120.344686, 22.633791], [120.347318, 22.647176]]]}}, {"type": "Feature", "properties": {"TOWNSN": "10012026", "TOWNID": "1001203", "COUNTYNAME": "高雄市", "TOWNNAME": "大寮區", "FULLNAME": "高雄市大寮區", "name": "大寮區", "centroid": [120.4127, 22.5965]}, "geometry": {"type": "Polygon", "coordinates": [[[120.40149, 22.643057], [120.415965, 22.643057], [120.436142, 22.651706], [120.435265, 22.628849], [120.434607, 22.613404], [120.445792, 22.598784], [120.447108, 22.586016], [120.440748, 22.557599], [120.427589, 22.534329], [120.413552, 22.532476], [120.392497, 22.537418], [120.398858, 22.54895], [120.394471, 22.566042], [120.370346, 22.58787], [120.382189, 22.629672], [120.377803, 22.637703], [120.40149, 22.643057]]]}}, {"type": "Feature", "properties": {"TOWNSN": "10012027", "TOWNID": "1001202", "COUNTYNAME": "高雄市", "TOWNNAME": "林園區", "FULLNAME": "高雄市林園區", "name": "林園區", "centroid": [120.4001, 22.5121]}, "geometry": {"type": "Polygon", "coordinates": [[[120.360258, 22.507765], [120.374075, 22.52671], [120.392497, 22.537418], [120.413552, 22.532476], [120.427589, 22.534329], [120.422764, 22.518473], [120.425834, 22.498087], [120.424079, 22.477082], [120.399954, 22.480583], [120.360258, 22.507765]]]}}, {"type": "Feature", "properties": {"TOWNSN": "64000001", "TOWNID": "6400004", "COUNTYNAME": "高雄市", "TOWNNAME": "楠梓區", "FULLNAME": "高雄市楠梓區", "name": "楠梓區", "centroid": [120.3055, 22.7293]}, "geometry": {"type": "Polygon", "coordinates": [[[120.331088, 22.75508], [120.336132, 22.748903], [120.340738, 22.743755], [120.337448, 22.721103], [120.314859, 22.69598], [120.308279, 22.701128], [120.274723, 22.706688], [120.255642, 22.718014], [120.26617, 22.729958], [120.277574, 22.737989], [120.291172, 22.737165], [120.301041, 22.729134], [120.311569, 22.730781], [120.331088, 22.75508]]]}}, {"type": "Feature", "properties": {"TOWNSN": "64000002", "TOWNID": "6400003", "COUNTYNAME": "高雄市", "TOWNNAME": "左營區", "FULLNAME": "高雄市左營區", "name": "左營區", "centroid": [120.2904, 22.6845]}, "geometry": {"type": "Polygon", "coordinates": [[[120.274723, 22.706688], [120.308279, 22.701128], [120.314859, 22.69598], [120.32407, 22.68033], [120.308718, 22.654589], [120.292927, 22.672711], [120.273846, 22.673946], [120.257616, 22.668798], [120.274504, 22.683831], [120.274723, 22.706688]]]}}, {"type": "Feature", "properties": {"TOWNSN": "64000003", "TOWNID": "6400005", "COUNTYNAME": "高雄市", "TOWNNAME": "三民區", "FULLNAME": "高雄市三民區", "name": "三民區", "centroid": [120.3186, 22.6523]}, "geometry": {"type": "Polygon", "coordinates": [[[120.32407, 22.68033], [120.328237, 22.671887], [120.339642, 22.672093], [120.33372, 22.666327], [120.33701, 22.652324], [120.347318, 22.647176], [120.344686, 22.633791], [120.318368, 22.638321], [120.316832, 22.634203], [120.297094, 22.636056], [120.285908, 22.631732], [120.28525, 22.634615], [120.287663, 22.650471], [120.308718, 22.654589], [120.32407, 22.68033]]]}}, {"type": "Feature", "properties": {"TOWNSN": "64000004", "TOWNID": "6400002", "COUNTYNAME": "高雄市", "TOWNNAME": "鼓山區", "FULLNAME": "高雄市鼓山區", "name": "鼓山區", "centroid": [120.2721, 22.6495]}, "geometry": {"type": "Polygon", "coordinates": [[[120.257616, 22.668798], [120.273846, 22.673946], [120.292927, 22.672711], [120.308718, 22.654589], [120.287663, 22.650471], [120.28525, 22.634615], [120.279987, 22.619582], [120.256739, 22.620818], [120.263319, 22.627201], [120.251475, 22.645323], [120.250379, 22.656648], [120.257616, 22.668798]]]}}, {"type": "Feature", "properties": {"TOWNSN": "64000005", "TOWNID": "6400006", "COUNTYNAME": "高雄市", "TOWNNAME": "新興區", "FULLNAME": "高雄市新興區", "name": "新興區", "centroid": [120.3051, 22.63]}, "geometry": {"type": "Polygon", "coordinates": [[[120.297094, 22.636056], [120.316832, 22.634203], [120.312227, 22.623289], [120.302138, 22.6202], [120.297094, 22.636056]]]}}, {"type": "Feature", "properties": {"TOWNSN": "64000006", "TOWNID": "6400007", "COUNTYNAME": "高雄市", "TOWNNAME": "前金區", "FULLNAME": "高雄市前金區", "name": "前金區", "centroid": [120.2923, 22.6281]}, "geometry": {"type": "Polygon", "coordinates": [[[120.285908, 22.631732], [120.297094, 22.636056], [120.302138, 22.6202], [120.290295, 22.620612], [120.285908, 22.631732]]]}}, {"type": "Feature", "properties": {"TOWNSN": "64000007", "TOWNID": "6400001", "COUNTYNAME": "高雄市", "TOWNNAME": "鹽埕區", "FULLNAME": "高雄市鹽埕區", "name": "鹽埕區", "centroid": [120.2862, 22.6267]}, "geometry": {"type": "Polygon", "coordinates": [[[120.28525, 22.634615], [120.285908, 22.631732], [120.290295, 22.620612], [120.290295, 22.618964], [120.279987, 22.619582], [120.28525, 22.634615]]]}}, {"type": "Feature", "properties": {"TOWNSN": "64000008", "TOWNID": "6400008", "COUNTYNAME": "高雄市", "TOWNNAME": "苓雅區", "FULLNAME": "高雄市苓雅區", "name": "苓雅區", "centroid": [120.3121, 22.624]}, "geometry": {"type": "Polygon", "coordinates": [[[120.316832, 22.634203], [120.318368, 22.638321], [120.344686, 22.633791], [120.326921, 22.612375], [120.31771, 22.618141], [120.296655, 22.609492], [120.290295, 22.618964], [120.290295, 22.620612], [120.302138, 22.6202], [120.312227, 22.623289], [120.316832, 22.634203]]]}}, {"type": "Feature", "properties": {"TOWNSN": "64000010", "TOWNID": "6400009", "COUNTYNAME": "高雄市", "TOWNNAME": "前鎮區", "FULLNAME": "高雄市前鎮區", "name": "前鎮區", "centroid": [120.3172, 22.5958]}, "geometry": {"type": "Polygon", "coordinates": [[[120.296655, 22.609492], [120.31771, 22.618141], [120.326921, 22.612375], [120.338326, 22.605373], [120.322973, 22.596519], [120.325824, 22.584987], [120.339203, 22.584575], [120.337229, 22.574073], [120.318148, 22.561099], [120.297532, 22.584575], [120.288979, 22.608462], [120.296655, 22.609492]]]}}, {"type": "Feature", "properties": {"TOWNSN": "64000013", "TOWNID": "6400010", "COUNTYNAME": "高雄市", "TOWNNAME": "旗津區", "FULLNAME": "高雄市旗津區", "name": "旗津區", "centroid": [120.2814, 22.5949]}, "geometry": {"type": "Polygon", "coordinates": [[[120.2563, 22.617729], [120.262441, 22.614022], [120.271653, 22.613404], [120.279767, 22.606197], [120.277794, 22.60352], [120.285689, 22.591988], [120.31749, 22.555334], [120.314859, 22.553274], [120.303454, 22.564188], [120.26924, 22.606815], [120.2563, 22.617729]]]}}, {"type": "Feature", "properties": {"TOWNSN": "64000014", "TOWNID": "6400011", "COUNTYNAME": "高雄市", "TOWNNAME": "小港區", "FULLNAME": "高雄市小港區", "name": "小港區", "centroid": [120.3519, 22.5541]}, "geometry": {"type": "Polygon", "coordinates": [[[120.339203, 22.584575], [120.370346, 22.58787], [120.394471, 22.566042], [120.398858, 22.54895], [120.392497, 22.537418], [120.374075, 22.52671], [120.360258, 22.507765], [120.314639, 22.547097], [120.316832, 22.551421], [120.331088, 22.538242], [120.3403, 22.541125], [120.318148, 22.561099], [120.337229, 22.574073], [120.339203, 22.584575]]]}}, {"type": "Feature", "properties": {"TOWNSN": "10002030", "TOWNID": "1000204", "COUNTYNAME": "宜蘭縣", "TOWNNAME": "頭城鎮", "FULLNAME": "宜蘭縣頭城鎮", "name": "頭城鎮", "centroid": [121.8519, 24.9095]}, "geometry": {"type": "Polygon", "coordinates": [[[121.820484, 24.807118], [121.816536, 24.807736], [121.807764, 24.825652], [121.790876, 24.832859], [121.774647, 24.850774], [121.747232, 24.853657], [121.775524, 24.865189], [121.7832, 24.87425], [121.781665, 24.889488], [121.793289, 24.899784], [121.811492, 24.90658], [121.831669, 24.904933], [121.853601, 24.925113], [121.839784, 24.942205], [121.847241, 24.960326], [121.861278, 24.963621], [121.871366, 24.960738], [121.897027, 24.967122], [121.902729, 24.974329], [121.933214, 24.980919], [121.943961, 24.98792], [121.965893, 24.983184], [121.95712, 24.982772], [121.926415, 24.969387], [121.916107, 24.951883], [121.893956, 24.940352], [121.885622, 24.931291], [121.885183, 24.918112], [121.843732, 24.880016], [121.830573, 24.851186], [121.820484, 24.807118]]]}}, {"type": "Feature", "properties": {"TOWNSN": "10002044", "TOWNID": "1000204", "COUNTYNAME": "宜蘭縣", "TOWNNAME": "頭城鎮", "FULLNAME": "宜蘭縣頭城鎮", "name": "頭城鎮", "centroid": [121.9544, 24.8408]}, "geometry": {"type": "Polygon", "coordinates": [[[121.964138, 24.837183], [121.941329, 24.838419], [121.948128, 24.850363], [121.964138, 24.837183]]]}}, {"type": "Feature", "properties": {"TOWNSN": "10002048", "TOWNID": "1000205", "COUNTYNAME": "宜蘭縣", "TOWNNAME": "礁溪鄉", "FULLNAME": "宜蘭縣礁溪鄉", "name": "礁溪鄉", "centroid": [121.7254, 24.8094]}, "geometry": {"type": "Polygon", "coordinates": [[[121.747232, 24.853657], [121.774647, 24.850774], [121.790876, 24.832859], [121.807764, 24.825652], [121.816536, 24.807736], [121.803816, 24.793527], [121.794166, 24.795793], [121.772015, 24.771493], [121.761926, 24.780554], [121.746135, 24.780348], [121.733634, 24.76861], [121.713237, 24.780348], [121.685384, 24.785084], [121.67354, 24.783643], [121.648977, 24.794969], [121.623536, 24.794351], [121.625948, 24.808766], [121.660162, 24.811237], [121.668715, 24.816797], [121.688235, 24.816179], [121.687577, 24.824828], [121.707535, 24.838831], [121.730563, 24.855305], [121.747232, 24.853657]]]}}, {"type": "Feature", "properties": {"TOWNSN": "10002049", "TOWNID": "1000206", "COUNTYNAME": "宜蘭縣", "TOWNNAME": "壯圍鄉", "FULLNAME": "宜蘭縣壯圍鄉", "name": "壯圍鄉", "centroid": [121.8026, 24.763]}, "geometry": {"type": "Polygon", "coordinates": [[[121.816536, 24.807736], [121.820484, 24.807118], [121.817852, 24.776436], [121.820704, 24.749048], [121.834959, 24.716718], [121.81215, 24.711981], [121.775962, 24.714658], [121.77684, 24.73834], [121.785393, 24.738751], [121.788464, 24.752754], [121.772015, 24.771493], [121.794166, 24.795793], [121.803816, 24.793527], [121.816536, 24.807736]]]}}, {"type": "Feature", "properties": {"TOWNSN": "10002050", "TOWNID": "1000201", "COUNTYNAME": "宜蘭縣", "TOWNNAME": "宜蘭市", "FULLNAME": "宜蘭縣宜蘭市", "name": "宜蘭市", "centroid": [121.7594, 24.7489]}, "geometry": {"type": "Polygon", "coordinates": [[[121.772015, 24.771493], [121.788464, 24.752754], [121.785393, 24.738751], [121.77684, 24.73834], [121.775962, 24.714658], [121.760829, 24.716718], [121.759294, 24.722277], [121.737801, 24.726602], [121.734511, 24.746371], [121.727054, 24.755019], [121.733634, 24.76861], [121.746135, 24.780348], [121.761926, 24.780554], [121.772015, 24.771493]]]}}, {"type": "Feature", "properties": {"TOWNSN": "10002051", "TOWNID": "1000207", "COUNTYNAME": "宜蘭縣", "TOWNNAME": "員山鄉", "FULLNAME": "宜蘭縣員山鄉", "name": "員山鄉", "centroid": [121.6648, 24.7384]}, "geometry": {"type": "Polygon", "coordinates": [[[121.623536, 24.794351], [121.648977, 24.794969], [121.67354, 24.783643], [121.685384, 24.785084], [121.713237, 24.780348], [121.733634, 24.76861], [121.727054, 24.755019], [121.734511, 24.746371], [121.737801, 24.726602], [121.759294, 24.722277], [121.760829, 24.716718], [121.747451, 24.718571], [121.740652, 24.70951], [121.712579, 24.700244], [121.678585, 24.700655], [121.662794, 24.70395], [121.637572, 24.683358], [121.622658, 24.68171], [121.627264, 24.684799], [121.611473, 24.701273], [121.595024, 24.708892], [121.586909, 24.720012], [121.594147, 24.729279], [121.596121, 24.748224], [121.588883, 24.755225], [121.597437, 24.772523], [121.593489, 24.78735], [121.623536, 24.794351]]]}}, {"type": "Feature", "properties": {"TOWNSN": "10002052", "TOWNID": "1000202", "COUNTYNAME": "宜蘭縣", "TOWNNAME": "羅東鎮", "FULLNAME": "宜蘭縣羅東鎮", "name": "羅東鎮", "centroid": [121.7673, 24.681]}, "geometry": {"type": "Polygon", "coordinates": [[[121.751179, 24.69386], [121.75732, 24.706833], [121.763461, 24.691595], [121.8025, 24.670384], [121.799868, 24.664001], [121.774647, 24.669149], [121.756224, 24.666884], [121.749644, 24.672856], [121.751179, 24.69386]]]}}, {"type": "Feature", "properties": {"TOWNSN": "10002053", "TOWNID": "1000209", "COUNTYNAME": "宜蘭縣", "TOWNNAME": "五結鄉", "FULLNAME": "宜蘭縣五結鄉", "name": "五結鄉", "centroid": [121.7951, 24.6883]}, "geometry": {"type": "Polygon", "coordinates": [[[121.760829, 24.716718], [121.775962, 24.714658], [121.81215, 24.711981], [121.834959, 24.716718], [121.83781, 24.674297], [121.845267, 24.644644], [121.83474, 24.643202], [121.822677, 24.653911], [121.813905, 24.651645], [121.811492, 24.672032], [121.8025, 24.670384], [121.763461, 24.691595], [121.75732, 24.706833], [121.740652, 24.70951], [121.747451, 24.718571], [121.760829, 24.716718]]]}}, {"type": "Feature", "properties": {"TOWNSN": "10002054", "TOWNID": "1000210", "COUNTYNAME": "宜蘭縣", "TOWNNAME": "三星鄉", "FULLNAME": "宜蘭縣三星鄉", "name": "三星鄉", "centroid": [121.6728, 24.6671]}, "geometry": {"type": "Polygon", "coordinates": [[[121.740652, 24.70951], [121.75732, 24.706833], [121.751179, 24.69386], [121.724422, 24.684799], [121.722668, 24.669973], [121.733634, 24.669561], [121.723764, 24.652057], [121.706, 24.649998], [121.701175, 24.641349], [121.679901, 24.637642], [121.647222, 24.636201], [121.62858, 24.638878], [121.623755, 24.625287], [121.607745, 24.636613], [121.596121, 24.631877], [121.589322, 24.639496], [121.564539, 24.642173], [121.594366, 24.665442], [121.622658, 24.68171], [121.637572, 24.683358], [121.662794, 24.70395], [121.678585, 24.700655], [121.712579, 24.700244], [121.740652, 24.70951]]]}}, {"type": "Feature", "properties": {"TOWNSN": "10002055", "TOWNID": "1000208", "COUNTYNAME": "宜蘭縣", "TOWNNAME": "冬山鄉", "FULLNAME": "宜蘭縣冬山鄉", "name": "冬山鄉", "centroid": [121.7613, 24.6489]}, "geometry": {"type": "Polygon", "coordinates": [[[121.751179, 24.69386], [121.749644, 24.672856], [121.756224, 24.666884], [121.774647, 24.669149], [121.799868, 24.664001], [121.8025, 24.670384], [121.811492, 24.672032], [121.813905, 24.651645], [121.824432, 24.64032], [121.822897, 24.626728], [121.811711, 24.621992], [121.808422, 24.608607], [121.795701, 24.6014], [121.793289, 24.599341], [121.756662, 24.618903], [121.724422, 24.618286], [121.691963, 24.626317], [121.679901, 24.637642], [121.701175, 24.641349], [121.706, 24.649998], [121.723764, 24.652057], [121.733634, 24.669561], [121.722668, 24.669973], [121.724422, 24.684799], [121.751179, 24.69386]]]}}, {"type": "Feature", "properties": {"TOWNSN": "10002064", "TOWNID": "1000211", "COUNTYNAME": "宜蘭縣", "TOWNNAME": "大同鄉", "FULLNAME": "宜蘭縣大同鄉", "name": "大同鄉", "centroid": [121.5221, 24.5559]}, "geometry": {"type": "Polygon", "coordinates": [[[121.586909, 24.720012], [121.595024, 24.708892], [121.611473, 24.701273], [121.627264, 24.684799], [121.622658, 24.68171], [121.594366, 24.665442], [121.564539, 24.642173], [121.589322, 24.639496], [121.596121, 24.631877], [121.607745, 24.636613], [121.623755, 24.625287], [121.62858, 24.638878], [121.647222, 24.636201], [121.679901, 24.637642], [121.691963, 24.626317], [121.724422, 24.618286], [121.723764, 24.608401], [121.734072, 24.592133], [121.759733, 24.5736], [121.74767, 24.565569], [121.735608, 24.566187], [121.723545, 24.577307], [121.718939, 24.572158], [121.704684, 24.581013], [121.688673, 24.573188], [121.679681, 24.561039], [121.648099, 24.562068], [121.631212, 24.554037], [121.616079, 24.556096], [121.581646, 24.519648], [121.569802, 24.521501], [121.563662, 24.509352], [121.546774, 24.495966], [121.526597, 24.496378], [121.51585, 24.478669], [121.495453, 24.471255], [121.483171, 24.475374], [121.475276, 24.46549], [121.477908, 24.455605], [121.468477, 24.43666], [121.458827, 24.429247], [121.458169, 24.414626], [121.447422, 24.40886], [121.437334, 24.383326], [121.389084, 24.375706], [121.372635, 24.368705], [121.364081, 24.389503], [121.35465, 24.393416], [121.337544, 24.390327], [121.326797, 24.398564], [121.327016, 24.434395], [121.316708, 24.441808], [121.323946, 24.456841], [121.336228, 24.467755], [121.346097, 24.484435], [121.357282, 24.486288], [121.371319, 24.498232], [121.373293, 24.509557], [121.383381, 24.510175], [121.390619, 24.522943], [121.401585, 24.529326], [121.394786, 24.555479], [121.412112, 24.572982], [121.402901, 24.591721], [121.41277, 24.603665], [121.427903, 24.606342], [121.440404, 24.634965], [121.45137, 24.651028], [121.447642, 24.658029], [121.459704, 24.673267], [121.479882, 24.673885], [121.492383, 24.673267], [121.511683, 24.684387], [121.536247, 24.6883], [121.543484, 24.705804], [121.586909, 24.720012]]]}}, {"type": "Feature", "properties": {"TOWNSN": "10002065", "TOWNID": "1000203", "COUNTYNAME": "宜蘭縣", "TOWNNAME": "蘇澳鎮", "FULLNAME": "宜蘭縣蘇澳鎮", "name": "蘇澳鎮", "centroid": [121.8283, 24.5559]}, "geometry": {"type": "Polygon", "coordinates": [[[121.813905, 24.651645], [121.822677, 24.653911], [121.83474, 24.643202], [121.845267, 24.644644], [121.85733, 24.618697], [121.869392, 24.570305], [121.873559, 24.536328], [121.869612, 24.528502], [121.841758, 24.520471], [121.840004, 24.498232], [121.85075, 24.494113], [121.851408, 24.484023], [121.821581, 24.456429], [121.799649, 24.431718], [121.779252, 24.454987], [121.785393, 24.461371], [121.814563, 24.471667], [121.829257, 24.507498], [121.829696, 24.516147], [121.848996, 24.536945], [121.83474, 24.551154], [121.814782, 24.558979], [121.815001, 24.580395], [121.795701, 24.6014], [121.808422, 24.608607], [121.811711, 24.621992], [121.822897, 24.626728], [121.824432, 24.64032], [121.813905, 24.651645]]]}}, {"type": "Feature", "properties": {"TOWNSN": "10002069", "TOWNID": "1000212", "COUNTYNAME": "宜蘭縣", "TOWNNAME": "南澳鄉", "FULLNAME": "宜蘭縣南澳鄉", "name": "南澳鄉", "centroid": [121.6555, 24.4609]}, "geometry": {"type": "Polygon", "coordinates": [[[121.795701, 24.6014], [121.815001, 24.580395], [121.814782, 24.558979], [121.83474, 24.551154], [121.848996, 24.536945], [121.829696, 24.516147], [121.829257, 24.507498], [121.814563, 24.471667], [121.785393, 24.461371], [121.779252, 24.454987], [121.799649, 24.431718], [121.792631, 24.415038], [121.787148, 24.373441], [121.770699, 24.334933], [121.77355, 24.314547], [121.759075, 24.314135], [121.7446, 24.32299], [121.713456, 24.326902], [121.686042, 24.340287], [121.675953, 24.337405], [121.66082, 24.351407], [121.648538, 24.349554], [121.63187, 24.369735], [121.620465, 24.363351], [121.620246, 24.345436], [121.604236, 24.328962], [121.600946, 24.314959], [121.560152, 24.322578], [121.556643, 24.330403], [121.521772, 24.342964], [121.498304, 24.339258], [121.485803, 24.348524], [121.465187, 24.355526], [121.450931, 24.36541], [121.437334, 24.383326], [121.447422, 24.40886], [121.458169, 24.414626], [121.458827, 24.429247], [121.468477, 24.43666], [121.477908, 24.455605], [121.475276, 24.46549], [121.483171, 24.475374], [121.495453, 24.471255], [121.51585, 24.478669], [121.526597, 24.496378], [121.546774, 24.495966], [121.563662, 24.509352], [121.569802, 24.521501], [121.581646, 24.519648], [121.616079, 24.556096], [121.631212, 24.554037], [121.648099, 24.562068], [121.679681, 24.561039], [121.688673, 24.573188], [121.704684, 24.581013], [121.718939, 24.572158], [121.723545, 24.577307], [121.735608, 24.566187], [121.74767, 24.565569], [121.759733, 24.5736], [121.734072, 24.592133], [121.723764, 24.608401], [121.724422, 24.618286], [121.756662, 24.618903], [121.793289, 24.599341], [121.795701, 24.6014]]]}}, {"type": "Feature", "properties": {"TOWNSN": "10015001", "TOWNID": "1001511", "COUNTYNAME": "花蓮縣", "TOWNNAME": "秀林鄉", "FULLNAME": "花蓮縣秀林鄉", "name": "秀林鄉", "centroid": [121.4905, 24.1247]}, "geometry": {"type": "Polygon", "coordinates": [[[121.450931, 24.36541], [121.465187, 24.355526], [121.485803, 24.348524], [121.498304, 24.339258], [121.521772, 24.342964], [121.556643, 24.330403], [121.560152, 24.322578], [121.600946, 24.314959], [121.604236, 24.328962], [121.620246, 24.345436], [121.620465, 24.363351], [121.63187, 24.369735], [121.648538, 24.349554], [121.66082, 24.351407], [121.675953, 24.337405], [121.686042, 24.340287], [121.713456, 24.326902], [121.7446, 24.32299], [121.759075, 24.314135], [121.77355, 24.314547], [121.769164, 24.303015], [121.747012, 24.277069], [121.743503, 24.260183], [121.72837, 24.245768], [121.717624, 24.243297], [121.70578, 24.225793], [121.674637, 24.20829], [121.659723, 24.184197], [121.659504, 24.16484], [121.666522, 24.148778], [121.655995, 24.124479], [121.644371, 24.132921], [121.640423, 24.122625], [121.614982, 24.104504], [121.607087, 24.064966], [121.588445, 24.040049], [121.588664, 24.030165], [121.579672, 24.019045], [121.573531, 24.007925], [121.55774, 24.004219], [121.558179, 23.998453], [121.549844, 23.992893], [121.527913, 23.992069], [121.519798, 23.979096], [121.531202, 23.971477], [121.513876, 23.948207], [121.506858, 23.944706], [121.501375, 23.91876], [121.505103, 23.907846], [121.498743, 23.886018], [121.482075, 23.877369], [121.459485, 23.853276], [121.44808, 23.847922], [121.451809, 23.823211], [121.441062, 23.818887], [121.428342, 23.829183], [121.422201, 23.84195], [121.405532, 23.845657], [121.399392, 23.83742], [121.386671, 23.839479], [121.359695, 23.865425], [121.353992, 23.888489], [121.336886, 23.898373], [121.329648, 23.915671], [121.295215, 23.925555], [121.274599, 23.926585], [121.271967, 23.938323], [121.277889, 23.965917], [121.26473, 23.975389], [121.261001, 23.994128], [121.269993, 24.00669], [121.285565, 24.039226], [121.283152, 24.054052], [121.323068, 24.084941], [121.319121, 24.095237], [121.328551, 24.114388], [121.31627, 24.116447], [121.295434, 24.13251], [121.281398, 24.135598], [121.288416, 24.157632], [121.286223, 24.177607], [121.305962, 24.180078], [121.325262, 24.195934], [121.349387, 24.201082], [121.342588, 24.224146], [121.352238, 24.244327], [121.366274, 24.252564], [121.384478, 24.255447], [121.380091, 24.279952], [121.401804, 24.29622], [121.404655, 24.308781], [121.422639, 24.308987], [121.434044, 24.32299], [121.434702, 24.348113], [121.450931, 24.36541]]]}}, {"type": "Feature", "properties": {"TOWNSN": "10015002", "TOWNID": "1001504", "COUNTYNAME": "花蓮縣", "TOWNNAME": "新城鄉", "FULLNAME": "花蓮縣新城鄉", "name": "新城鄉", "centroid": [121.6174, 24.0671]}, "geometry": {"type": "Polygon", "coordinates": [[[121.655995, 24.124479], [121.632089, 24.106563], [121.617833, 24.084529], [121.616298, 24.061466], [121.633186, 24.027076], [121.610815, 24.002571], [121.607745, 24.013691], [121.585374, 24.014309], [121.579672, 24.019045], [121.588664, 24.030165], [121.588445, 24.040049], [121.607087, 24.064966], [121.614982, 24.104504], [121.640423, 24.122625], [121.644371, 24.132921], [121.655995, 24.124479]]]}}, {"type": "Feature", "properties": {"TOWNSN": "10015003", "TOWNID": "1001501", "COUNTYNAME": "花蓮縣", "TOWNNAME": "花蓮市", "FULLNAME": "花蓮縣花蓮市", "name": "花蓮市", "centroid": [121.5985, 24.0001]}, "geometry": {"type": "Polygon", "coordinates": [[[121.579672, 24.019045], [121.585374, 24.014309], [121.607745, 24.013691], [121.610815, 24.002571], [121.633186, 24.027076], [121.647222, 24.008543], [121.632089, 23.985685], [121.617833, 23.976419], [121.608622, 23.963034], [121.588006, 23.97436], [121.598314, 23.987745], [121.558179, 23.998453], [121.55774, 24.004219], [121.573531, 24.007925], [121.579672, 24.019045]]]}}, {"type": "Feature", "properties": {"TOWNSN": "10015004", "TOWNID": "1001505", "COUNTYNAME": "花蓮縣", "TOWNNAME": "吉安鄉", "FULLNAME": "花蓮縣吉安鄉", "name": "吉安鄉", "centroid": [121.5603, 23.965]}, "geometry": {"type": "Polygon", "coordinates": [[[121.558179, 23.998453], [121.598314, 23.987745], [121.588006, 23.97436], [121.608622, 23.963034], [121.60928, 23.943059], [121.58976, 23.909287], [121.553354, 23.92432], [121.537563, 23.927821], [121.513876, 23.948207], [121.531202, 23.971477], [121.519798, 23.979096], [121.527913, 23.992069], [121.549844, 23.992893], [121.558179, 23.998453]]]}}, {"type": "Feature", "properties": {"TOWNSN": "10015005", "TOWNID": "1001506", "COUNTYNAME": "花蓮縣", "TOWNNAME": "壽豐鄉", "FULLNAME": "花蓮縣壽豐鄉", "name": "壽豐鄉", "centroid": [121.5275, 23.8429]}, "geometry": {"type": "Polygon", "coordinates": [[[121.513876, 23.948207], [121.537563, 23.927821], [121.553354, 23.92432], [121.58976, 23.909287], [121.60928, 23.943059], [121.611254, 23.933381], [121.605332, 23.915877], [121.6027, 23.883135], [121.598095, 23.860483], [121.587129, 23.829389], [121.573092, 23.802824], [121.570022, 23.780791], [121.572873, 23.760404], [121.566951, 23.746401], [121.558398, 23.748254], [121.541072, 23.734457], [121.526597, 23.731369], [121.511902, 23.763287], [121.497646, 23.768023], [121.497208, 23.775642], [121.520236, 23.787586], [121.517605, 23.800353], [121.523307, 23.815798], [121.486023, 23.806943], [121.460143, 23.808178], [121.450931, 23.812297], [121.441062, 23.818887], [121.451809, 23.823211], [121.44808, 23.847922], [121.459485, 23.853276], [121.482075, 23.877369], [121.498743, 23.886018], [121.505103, 23.907846], [121.501375, 23.91876], [121.506858, 23.944706], [121.513876, 23.948207]]]}}, {"type": "Feature", "properties": {"TOWNSN": "10015006", "TOWNID": "1001502", "COUNTYNAME": "花蓮縣", "TOWNNAME": "鳳林鎮", "FULLNAME": "花蓮縣鳳林鎮", "name": "鳳林鎮", "centroid": [121.4658, 23.7544]}, "geometry": {"type": "Polygon", "coordinates": [[[121.450931, 23.812297], [121.460143, 23.808178], [121.486023, 23.806943], [121.523307, 23.815798], [121.517605, 23.800353], [121.520236, 23.787586], [121.497208, 23.775642], [121.497646, 23.768023], [121.511902, 23.763287], [121.526597, 23.731369], [121.517385, 23.712218], [121.486023, 23.700892], [121.479224, 23.686889], [121.465845, 23.675563], [121.43536, 23.686683], [121.403778, 23.688948], [121.40641, 23.696567], [121.432509, 23.729515], [121.433386, 23.738576], [121.421104, 23.747019], [121.422201, 23.76164], [121.430535, 23.768847], [121.442817, 23.767199], [121.448958, 23.77626], [121.443475, 23.795205], [121.450931, 23.812297]]]}}, {"type": "Feature", "properties": {"TOWNSN": "10015007", "TOWNID": "1001512", "COUNTYNAME": "花蓮縣", "TOWNNAME": "萬榮鄉", "FULLNAME": "花蓮縣萬榮鄉", "name": "萬榮鄉", "centroid": [121.3258, 23.7167]}, "geometry": {"type": "Polygon", "coordinates": [[[121.274599, 23.926585], [121.295215, 23.925555], [121.329648, 23.915671], [121.336886, 23.898373], [121.353992, 23.888489], [121.359695, 23.865425], [121.386671, 23.839479], [121.399392, 23.83742], [121.405532, 23.845657], [121.422201, 23.84195], [121.428342, 23.829183], [121.441062, 23.818887], [121.450931, 23.812297], [121.443475, 23.795205], [121.448958, 23.77626], [121.442817, 23.767199], [121.430535, 23.768847], [121.422201, 23.76164], [121.421104, 23.747019], [121.433386, 23.738576], [121.432509, 23.729515], [121.40641, 23.696567], [121.403778, 23.688948], [121.384697, 23.68483], [121.373731, 23.689978], [121.370441, 23.676181], [121.381627, 23.661148], [121.372635, 23.657854], [121.379433, 23.643027], [121.368906, 23.635202], [121.368248, 23.616257], [121.357721, 23.605755], [121.352238, 23.598547], [121.364081, 23.57013], [121.374389, 23.556951], [121.375047, 23.538211], [121.362327, 23.526474], [121.348729, 23.525856], [121.345439, 23.490849], [121.337105, 23.490437], [121.321972, 23.516177], [121.32241, 23.561481], [121.314954, 23.562099], [121.28381, 23.542948], [121.263414, 23.538829], [121.249816, 23.550155], [121.252228, 23.576513], [121.244114, 23.592164], [121.245649, 23.615227], [121.220866, 23.599577], [121.213409, 23.600401], [121.224813, 23.627171], [121.223936, 23.638703], [121.235779, 23.66259], [121.23249, 23.677005], [121.239289, 23.686889], [121.241043, 23.709129], [121.228761, 23.744754], [121.206391, 23.762669], [121.204636, 23.772348], [121.228323, 23.785115], [121.227445, 23.808178], [121.234683, 23.818063], [121.239289, 23.840303], [121.248939, 23.85204], [121.253106, 23.868103], [121.265168, 23.872839], [121.268239, 23.883547], [121.26122, 23.902698], [121.276134, 23.909699], [121.274599, 23.926585]]]}}, {"type": "Feature", "properties": {"TOWNSN": "10015008", "TOWNID": "1001507", "COUNTYNAME": "花蓮縣", "TOWNNAME": "光復鄉", "FULLNAME": "花蓮縣光復鄉", "name": "光復鄉", "centroid": [121.4375, 23.6507]}, "geometry": {"type": "Polygon", "coordinates": [[[121.517385, 23.712218], [121.516727, 23.694508], [121.524842, 23.68277], [121.513437, 23.655588], [121.503787, 23.644057], [121.491506, 23.647969], [121.477908, 23.634584], [121.465626, 23.613374], [121.447642, 23.608226], [121.443913, 23.598135], [121.430754, 23.596076], [121.425271, 23.587839], [121.405971, 23.58475], [121.377679, 23.588045], [121.357721, 23.605755], [121.368248, 23.616257], [121.368906, 23.635202], [121.379433, 23.643027], [121.372635, 23.657854], [121.381627, 23.661148], [121.370441, 23.676181], [121.373731, 23.689978], [121.384697, 23.68483], [121.403778, 23.688948], [121.43536, 23.686683], [121.465845, 23.675563], [121.479224, 23.686889], [121.486023, 23.700892], [121.517385, 23.712218]]]}}, {"type": "Feature", "properties": {"TOWNSN": "10015009", "TOWNID": "1001508", "COUNTYNAME": "花蓮縣", "TOWNNAME": "豐濱鄉", "FULLNAME": "花蓮縣豐濱鄉", "name": "豐濱鄉", "centroid": [121.4979, 23.5873]}, "geometry": {"type": "Polygon", "coordinates": [[[121.526597, 23.731369], [121.541072, 23.734457], [121.558398, 23.748254], [121.566951, 23.746401], [121.548748, 23.712629], [121.553134, 23.698421], [121.54809, 23.687713], [121.543265, 23.656206], [121.534492, 23.645498], [121.530325, 23.627377], [121.529667, 23.5969], [121.526158, 23.577749], [121.511244, 23.553656], [121.50291, 23.517001], [121.506419, 23.491672], [121.513437, 23.483024], [121.502691, 23.46655], [121.495892, 23.434631], [121.48054, 23.430719], [121.473302, 23.440603], [121.446984, 23.443692], [121.445887, 23.451723], [121.462994, 23.455224], [121.464529, 23.475816], [121.474399, 23.487966], [121.482733, 23.483024], [121.489312, 23.504852], [121.484926, 23.516589], [121.492383, 23.542742], [121.453125, 23.542536], [121.430973, 23.548302], [121.425271, 23.587839], [121.430754, 23.596076], [121.443913, 23.598135], [121.447642, 23.608226], [121.465626, 23.613374], [121.477908, 23.634584], [121.491506, 23.647969], [121.503787, 23.644057], [121.513437, 23.655588], [121.524842, 23.68277], [121.516727, 23.694508], [121.517385, 23.712218], [121.526597, 23.731369]]]}}, {"type": "Feature", "properties": {"TOWNSN": "10015010", "TOWNID": "1001509", "COUNTYNAME": "花蓮縣", "TOWNNAME": "瑞穗鄉", "FULLNAME": "花蓮縣瑞穗鄉", "name": "瑞穗鄉", "centroid": [121.4037, 23.5114]}, "geometry": {"type": "Polygon", "coordinates": [[[121.357721, 23.605755], [121.377679, 23.588045], [121.405971, 23.58475], [121.425271, 23.587839], [121.430973, 23.548302], [121.453125, 23.542536], [121.492383, 23.542742], [121.484926, 23.516589], [121.489312, 23.504852], [121.482733, 23.483024], [121.474399, 23.487966], [121.464529, 23.475816], [121.462994, 23.455224], [121.445887, 23.451723], [121.445887, 23.459136], [121.427903, 23.477258], [121.414525, 23.480553], [121.418253, 23.493114], [121.411015, 23.495791], [121.404217, 23.485495], [121.387548, 23.473963], [121.371977, 23.455018], [121.362546, 23.435043], [121.350264, 23.443074], [121.343684, 23.457077], [121.326139, 23.464284], [121.337105, 23.490437], [121.345439, 23.490849], [121.348729, 23.525856], [121.362327, 23.526474], [121.375047, 23.538211], [121.374389, 23.556951], [121.364081, 23.57013], [121.352238, 23.598547], [121.357721, 23.605755]]]}}, {"type": "Feature", "properties": {"TOWNSN": "10015015", "TOWNID": "1001513", "COUNTYNAME": "花蓮縣", "TOWNNAME": "卓溪鄉", "FULLNAME": "花蓮縣卓溪鄉", "name": "卓溪鄉", "centroid": [121.1739, 23.3996]}, "geometry": {"type": "Polygon", "coordinates": [[[121.213409, 23.600401], [121.220866, 23.599577], [121.245649, 23.615227], [121.244114, 23.592164], [121.252228, 23.576513], [121.249816, 23.550155], [121.263414, 23.538829], [121.28381, 23.542948], [121.314954, 23.562099], [121.32241, 23.561481], [121.321972, 23.516177], [121.337105, 23.490437], [121.326139, 23.464284], [121.343684, 23.457077], [121.350264, 23.443074], [121.316708, 23.394064], [121.310129, 23.376972], [121.297627, 23.36853], [121.322191, 23.357616], [121.307058, 23.349173], [121.297189, 23.336405], [121.268239, 23.326933], [121.283152, 23.30078], [121.268677, 23.29069], [121.278766, 23.283689], [121.280959, 23.261449], [121.267142, 23.23056], [121.267142, 23.222117], [121.229419, 23.167135], [121.223278, 23.153544], [121.211874, 23.144278], [121.212532, 23.15478], [121.199153, 23.175166], [121.191038, 23.202348], [121.175905, 23.210174], [121.155947, 23.200083], [121.139718, 23.201525], [121.12919, 23.223353], [121.108574, 23.223559], [121.092345, 23.233855], [121.079624, 23.232825], [121.062517, 23.265979], [121.056376, 23.290072], [121.038831, 23.300574], [121.028304, 23.297074], [121.046507, 23.309017], [121.0487, 23.325285], [121.024575, 23.339906], [121.019969, 23.350408], [121.009881, 23.346084], [121.000889, 23.356174], [120.987072, 23.358645], [120.988168, 23.370589], [121.026549, 23.406008], [121.029181, 23.422688], [121.015144, 23.435249], [121.051551, 23.450693], [121.059008, 23.462019], [121.03905, 23.474169], [121.062079, 23.499292], [121.068439, 23.518443], [121.092125, 23.514736], [121.120418, 23.52112], [121.135551, 23.515148], [121.146955, 23.527297], [121.150903, 23.545419], [121.146297, 23.554685], [121.157044, 23.559422], [121.160553, 23.569512], [121.15178, 23.57466], [121.153535, 23.58681], [121.179853, 23.590104], [121.194109, 23.600607], [121.213409, 23.600401]]]}}, {"type": "Feature", "properties": {"TOWNSN": "10015016", "TOWNID": "1001503", "COUNTYNAME": "花蓮縣", "TOWNNAME": "玉里鎮", "FULLNAME": "花蓮縣玉里鎮", "name": "玉里鎮", "centroid": [121.3605, 23.3717]}, "geometry": {"type": "Polygon", "coordinates": [[[121.280959, 23.261449], [121.278766, 23.283689], [121.268677, 23.29069], [121.283152, 23.30078], [121.268239, 23.326933], [121.297189, 23.336405], [121.307058, 23.349173], [121.322191, 23.357616], [121.297627, 23.36853], [121.310129, 23.376972], [121.316708, 23.394064], [121.350264, 23.443074], [121.362546, 23.435043], [121.371977, 23.455018], [121.387548, 23.473963], [121.404217, 23.485495], [121.411015, 23.495791], [121.418253, 23.493114], [121.414525, 23.480553], [121.427903, 23.477258], [121.445887, 23.459136], [121.445887, 23.451723], [121.446984, 23.443692], [121.419569, 23.419393], [121.410357, 23.3988], [121.400269, 23.387063], [121.407287, 23.364617], [121.422639, 23.360087], [121.402023, 23.333934], [121.39983, 23.323226], [121.39018, 23.320549], [121.377898, 23.30078], [121.37724, 23.283483], [121.347852, 23.278952], [121.330964, 23.299545], [121.313418, 23.276481], [121.299601, 23.277717], [121.280959, 23.261449]]]}}, {"type": "Feature", "properties": {"TOWNSN": "10015017", "TOWNID": "1001510", "COUNTYNAME": "花蓮縣", "TOWNNAME": "富里鄉", "FULLNAME": "花蓮縣富里鄉", "name": "富里鄉", "centroid": [121.3031, 23.1916]}, "geometry": {"type": "Polygon", "coordinates": [[[121.37724, 23.283483], [121.377898, 23.269686], [121.363642, 23.257536], [121.356844, 23.23715], [121.356405, 23.223147], [121.346974, 23.20935], [121.334692, 23.177843], [121.323726, 23.178461], [121.317366, 23.164458], [121.327236, 23.152309], [121.320437, 23.137688], [121.32263, 23.119979], [121.315831, 23.109682], [121.284468, 23.106594], [121.272406, 23.097945], [121.264291, 23.103917], [121.267142, 23.114213], [121.249158, 23.13151], [121.238411, 23.128628], [121.230954, 23.139336], [121.211874, 23.144278], [121.223278, 23.153544], [121.229419, 23.167135], [121.267142, 23.222117], [121.267142, 23.23056], [121.280959, 23.261449], [121.299601, 23.277717], [121.313418, 23.276481], [121.330964, 23.299545], [121.347852, 23.278952], [121.37724, 23.283483]]]}}, {"type": "Feature", "properties": {"TOWNSN": "10004001", "TOWNID": "1000406", "COUNTYNAME": "新竹縣", "TOWNNAME": "新豐鄉", "FULLNAME": "新竹縣新豐鄉", "name": "新豐鄉", "centroid": [121.0026, 24.9161]}, "geometry": {"type": "Polygon", "coordinates": [[[121.046288, 24.942411], [121.027865, 24.917288], [121.019092, 24.888665], [120.992555, 24.864777], [120.984001, 24.861482], [120.974132, 24.873632], [120.949129, 24.881663], [120.965578, 24.91667], [120.980931, 24.939116], [120.985975, 24.939528], [121.003082, 24.940146], [121.00703, 24.946323], [121.019311, 24.940352], [121.037734, 24.946323], [121.046288, 24.942411]]]}}, {"type": "Feature", "properties": {"TOWNSN": "10004002", "TOWNID": "1000405", "COUNTYNAME": "新竹縣", "TOWNNAME": "湖口鄉", "FULLNAME": "新竹縣湖口鄉", "name": "湖口鄉", "centroid": [121.0597, 24.889]}, "geometry": {"type": "Polygon", "coordinates": [[[121.046288, 24.942411], [121.05835, 24.936645], [121.059008, 24.907198], [121.091029, 24.893401], [121.109013, 24.897725], [121.108355, 24.885987], [121.121953, 24.880222], [121.120856, 24.875279], [121.087958, 24.864983], [121.053525, 24.859011], [121.042998, 24.851392], [121.01668, 24.854275], [121.013609, 24.850774], [120.992555, 24.864777], [121.019092, 24.888665], [121.027865, 24.917288], [121.046288, 24.942411]]]}}, {"type": "Feature", "properties": {"TOWNSN": "10004003", "TOWNID": "1000403", "COUNTYNAME": "新竹縣", "TOWNNAME": "新埔鎮", "FULLNAME": "新竹縣新埔鎮", "name": "新埔鎮", "centroid": [121.0928, 24.8449]}, "geometry": {"type": "Polygon", "coordinates": [[[121.121953, 24.880222], [121.155728, 24.880633], [121.15814, 24.875279], [121.16143, 24.859629], [121.150026, 24.844391], [121.150464, 24.837183], [121.107039, 24.833683], [121.113399, 24.806089], [121.109013, 24.792498], [121.084669, 24.791262], [121.072606, 24.809384], [121.05857, 24.814738], [121.027426, 24.831623], [121.021066, 24.849539], [121.013609, 24.850774], [121.01668, 24.854275], [121.042998, 24.851392], [121.053525, 24.859011], [121.087958, 24.864983], [121.120856, 24.875279], [121.121953, 24.880222]]]}}, {"type": "Feature", "properties": {"TOWNSN": "10004004", "TOWNID": "1000401", "COUNTYNAME": "新竹縣", "TOWNNAME": "竹北市", "FULLNAME": "新竹縣竹北市", "name": "竹北市", "centroid": [120.9939, 24.841]}, "geometry": {"type": "Polygon", "coordinates": [[[120.949129, 24.881663], [120.974132, 24.873632], [120.984001, 24.861482], [120.992555, 24.864777], [121.013609, 24.850774], [121.021066, 24.849539], [121.027426, 24.831623], [121.05857, 24.814738], [121.061421, 24.786526], [121.033348, 24.800323], [121.021285, 24.80197], [121.000231, 24.822151], [120.987291, 24.826063], [120.95527, 24.8343], [120.933558, 24.852834], [120.933996, 24.862512], [120.949129, 24.881663]]]}}, {"type": "Feature", "properties": {"TOWNSN": "10004005", "TOWNID": "1000404", "COUNTYNAME": "新竹縣", "TOWNNAME": "關西鎮", "FULLNAME": "新竹縣關西鎮", "name": "關西鎮", "centroid": [121.1993, 24.79]}, "geometry": {"type": "Polygon", "coordinates": [[[121.150026, 24.844391], [121.176344, 24.832035], [121.173712, 24.827711], [121.20332, 24.817415], [121.207487, 24.806912], [121.217137, 24.812472], [121.221524, 24.799499], [121.243017, 24.808766], [121.243236, 24.808766], [121.247184, 24.79744], [121.26122, 24.790027], [121.260124, 24.78179], [121.293022, 24.765316], [121.286442, 24.75955], [121.265826, 24.757902], [121.252886, 24.745547], [121.243675, 24.746988], [121.215602, 24.73628], [121.203759, 24.725366], [121.171738, 24.752548], [121.153096, 24.757902], [121.142788, 24.765522], [121.118444, 24.766963], [121.109013, 24.792498], [121.113399, 24.806089], [121.107039, 24.833683], [121.150464, 24.837183], [121.150026, 24.844391]]]}}, {"type": "Feature", "properties": {"TOWNSN": "10004006", "TOWNID": "1000407", "COUNTYNAME": "新竹縣", "TOWNNAME": "芎林鄉", "FULLNAME": "新竹縣芎林鄉", "name": "芎林鄉", "centroid": [121.103, 24.7693]}, "geometry": {"type": "Polygon", "coordinates": [[[121.109013, 24.792498], [121.118444, 24.766963], [121.142788, 24.765522], [121.153096, 24.757902], [121.143007, 24.732162], [121.122391, 24.724543], [121.10682, 24.732162], [121.103969, 24.744723], [121.085546, 24.754196], [121.074141, 24.773759], [121.061421, 24.786526], [121.05857, 24.814738], [121.072606, 24.809384], [121.084669, 24.791262], [121.109013, 24.792498]]]}}, {"type": "Feature", "properties": {"TOWNSN": "10004007", "TOWNID": "1000410", "COUNTYNAME": "新竹縣", "TOWNNAME": "寶山鄉", "FULLNAME": "新竹縣寶山鄉", "name": "寶山鄉", "centroid": [121.0028, 24.74]}, "geometry": {"type": "Polygon", "coordinates": [[[121.02633, 24.757696], [121.034664, 24.748224], [121.049358, 24.755225], [121.062956, 24.745753], [121.069755, 24.731338], [121.059008, 24.730309], [121.037076, 24.710746], [121.028304, 24.707451], [120.992555, 24.716923], [120.973912, 24.711775], [120.955051, 24.704568], [120.935532, 24.712599], [120.937944, 24.729485], [120.946059, 24.745341], [120.958341, 24.74946], [120.969745, 24.76511], [120.987072, 24.768405], [120.992993, 24.780554], [121.013609, 24.770876], [121.02633, 24.757696]]]}}, {"type": "Feature", "properties": {"TOWNSN": "10004008", "TOWNID": "1000402", "COUNTYNAME": "新竹縣", "TOWNNAME": "竹東鎮", "FULLNAME": "新竹縣竹東鎮", "name": "竹東鎮", "centroid": [121.0756, 24.7244]}, "geometry": {"type": "Polygon", "coordinates": [[[121.021285, 24.80197], [121.033348, 24.800323], [121.061421, 24.786526], [121.074141, 24.773759], [121.085546, 24.754196], [121.103969, 24.744723], [121.10682, 24.732162], [121.098924, 24.699214], [121.105285, 24.695301], [121.099582, 24.675121], [121.106381, 24.66606], [121.122611, 24.665648], [121.126997, 24.653705], [121.096073, 24.641349], [121.088616, 24.654528], [121.085107, 24.676562], [121.094099, 24.687064], [121.084669, 24.70951], [121.072825, 24.714658], [121.069755, 24.731338], [121.062956, 24.745753], [121.049358, 24.755225], [121.034664, 24.748224], [121.02633, 24.757696], [121.03269, 24.762021], [121.021285, 24.80197]]]}}, {"type": "Feature", "properties": {"TOWNSN": "10004009", "TOWNID": "1000408", "COUNTYNAME": "新竹縣", "TOWNNAME": "橫山鄉", "FULLNAME": "新竹縣橫山鄉", "name": "橫山鄉", "centroid": [121.1386, 24.7038]}, "geometry": {"type": "Polygon", "coordinates": [[[121.153096, 24.757902], [121.171738, 24.752548], [121.203759, 24.725366], [121.189064, 24.698184], [121.166036, 24.69283], [121.15178, 24.671826], [121.135331, 24.663795], [121.126997, 24.653705], [121.122611, 24.665648], [121.106381, 24.66606], [121.099582, 24.675121], [121.105285, 24.695301], [121.098924, 24.699214], [121.10682, 24.732162], [121.122391, 24.724543], [121.143007, 24.732162], [121.153096, 24.757902]]]}}, {"type": "Feature", "properties": {"TOWNSN": "10004010", "TOWNID": "1000409", "COUNTYNAME": "新竹縣", "TOWNNAME": "北埔鄉", "FULLNAME": "新竹縣北埔鄉", "name": "北埔鄉", "centroid": [121.0621, 24.6717]}, "geometry": {"type": "Polygon", "coordinates": [[[121.069755, 24.731338], [121.072825, 24.714658], [121.084669, 24.70951], [121.094099, 24.687064], [121.085107, 24.676562], [121.088616, 24.654528], [121.096073, 24.641349], [121.073264, 24.620551], [121.071509, 24.613961], [121.062517, 24.621786], [121.053306, 24.615403], [121.043217, 24.627346], [121.049139, 24.640525], [121.038831, 24.648968], [121.046507, 24.66709], [121.034883, 24.671826], [121.034225, 24.685829], [121.040585, 24.704362], [121.037076, 24.710746], [121.059008, 24.730309], [121.069755, 24.731338]]]}}, {"type": "Feature", "properties": {"TOWNSN": "10004011", "TOWNID": "1000411", "COUNTYNAME": "新竹縣", "TOWNNAME": "峨眉鄉", "FULLNAME": "新竹縣峨眉鄉", "name": "峨眉鄉", "centroid": [121.0189, 24.6726]}, "geometry": {"type": "Polygon", "coordinates": [[[120.973912, 24.711775], [120.992555, 24.716923], [121.028304, 24.707451], [121.037076, 24.710746], [121.040585, 24.704362], [121.034225, 24.685829], [121.034883, 24.671826], [121.046507, 24.66709], [121.038831, 24.648968], [121.049139, 24.640525], [121.043217, 24.627346], [121.0294, 24.632906], [121.025233, 24.641143], [121.008126, 24.644438], [121.010319, 24.656176], [120.99716, 24.654528], [120.976983, 24.673679], [120.973912, 24.711775]]]}}, {"type": "Feature", "properties": {"TOWNSN": "10004012", "TOWNID": "1000412", "COUNTYNAME": "新竹縣", "TOWNNAME": "尖石鄉", "FULLNAME": "新竹縣尖石鄉", "name": "尖石鄉", "centroid": [121.2861, 24.6021]}, "geometry": {"type": "Polygon", "coordinates": [[[121.293022, 24.765316], [121.307716, 24.755019], [121.298724, 24.73072], [121.307497, 24.720012], [121.299601, 24.696537], [121.318024, 24.697978], [121.33864, 24.679651], [121.339737, 24.670384], [121.353554, 24.666266], [121.352238, 24.64485], [121.365616, 24.631671], [121.358817, 24.617462], [121.363423, 24.602841], [121.387548, 24.586573], [121.402901, 24.591721], [121.412112, 24.572982], [121.394786, 24.555479], [121.401585, 24.529326], [121.390619, 24.522943], [121.383381, 24.510175], [121.373293, 24.509557], [121.371319, 24.498232], [121.357282, 24.486288], [121.346097, 24.484435], [121.336228, 24.467755], [121.323946, 24.456841], [121.316708, 24.441808], [121.304426, 24.432748], [121.269335, 24.427599], [121.259466, 24.429041], [121.262536, 24.455399], [121.244333, 24.47002], [121.234683, 24.487729], [121.218673, 24.498232], [121.223498, 24.506057], [121.20332, 24.51244], [121.201127, 24.544565], [121.193012, 24.556508], [121.197399, 24.578954], [121.220427, 24.599958], [121.212312, 24.612932], [121.185775, 24.63373], [121.189722, 24.645674], [121.182046, 24.660088], [121.168887, 24.668737], [121.15178, 24.671826], [121.166036, 24.69283], [121.189064, 24.698184], [121.203759, 24.725366], [121.215602, 24.73628], [121.243675, 24.746988], [121.252886, 24.745547], [121.265826, 24.757902], [121.286442, 24.75955], [121.293022, 24.765316]]]}}, {"type": "Feature", "properties": {"TOWNSN": "10004013", "TOWNID": "1000413", "COUNTYNAME": "新竹縣", "TOWNNAME": "五峰鄉", "FULLNAME": "新竹縣五峰鄉", "name": "五峰鄉", "centroid": [121.1333, 24.5811]}, "geometry": {"type": "Polygon", "coordinates": [[[121.126997, 24.653705], [121.135331, 24.663795], [121.15178, 24.671826], [121.168887, 24.668737], [121.182046, 24.660088], [121.189722, 24.645674], [121.185775, 24.63373], [121.212312, 24.612932], [121.220427, 24.599958], [121.197399, 24.578954], [121.193012, 24.556508], [121.201127, 24.544565], [121.20332, 24.51244], [121.195425, 24.507086], [121.169106, 24.502556], [121.123707, 24.509969], [121.098486, 24.496584], [121.086423, 24.500909], [121.071948, 24.498438], [121.066904, 24.522737], [121.078308, 24.528708], [121.080502, 24.54127], [121.062737, 24.557538], [121.070632, 24.563304], [121.075457, 24.581013], [121.083133, 24.590074], [121.071509, 24.613961], [121.073264, 24.620551], [121.096073, 24.641349], [121.126997, 24.653705]]]}}, {"type": "Feature", "properties": {"TOWNSN": "10018001", "TOWNID": "1001802", "COUNTYNAME": "新竹市", "TOWNNAME": "北區", "FULLNAME": "新竹市北區", "name": "北區", "centroid": [120.9431, 24.8202]}, "geometry": {"type": "Polygon", "coordinates": [[[120.910968, 24.827299], [120.925443, 24.849951], [120.933558, 24.852834], [120.95527, 24.8343], [120.987291, 24.826063], [120.964043, 24.801764], [120.958121, 24.783437], [120.9522, 24.782613], [120.943208, 24.810825], [120.933119, 24.825652], [120.910968, 24.827299]]]}}, {"type": "Feature", "properties": {"TOWNSN": "10018002", "TOWNID": "1001801", "COUNTYNAME": "新竹市", "TOWNNAME": "東區", "FULLNAME": "新竹市東區", "name": "東區", "centroid": [120.9901, 24.7843]}, "geometry": {"type": "Polygon", "coordinates": [[[120.987291, 24.826063], [121.000231, 24.822151], [121.021285, 24.80197], [121.03269, 24.762021], [121.02633, 24.757696], [121.013609, 24.770876], [120.992993, 24.780554], [120.987072, 24.768405], [120.969745, 24.76511], [120.958341, 24.74946], [120.96185, 24.765316], [120.958121, 24.783437], [120.964043, 24.801764], [120.987291, 24.826063]]]}}, {"type": "Feature", "properties": {"TOWNSN": "10018003", "TOWNID": "1001803", "COUNTYNAME": "新竹市", "TOWNNAME": "香山區", "FULLNAME": "新竹市香山區", "name": "香山區", "centroid": [120.9231, 24.7668]}, "geometry": {"type": "Polygon", "coordinates": [[[120.910968, 24.827299], [120.933119, 24.825652], [120.943208, 24.810825], [120.9522, 24.782613], [120.958121, 24.783437], [120.96185, 24.765316], [120.958341, 24.74946], [120.946059, 24.745341], [120.937944, 24.729485], [120.935532, 24.712599], [120.934216, 24.713217], [120.916012, 24.72063], [120.905924, 24.740605], [120.89101, 24.73175], [120.878509, 24.735251], [120.899563, 24.760374], [120.892764, 24.769434], [120.892545, 24.788379], [120.903511, 24.817415], [120.910968, 24.827299]]]}}, {"type": "Feature", "properties": {"TOWNSN": "10010001", "TOWNID": "1001006", "COUNTYNAME": "嘉義縣", "TOWNNAME": "溪口鄉", "FULLNAME": "嘉義縣溪口鄉", "name": "溪口鄉", "centroid": [120.4015, 23.5964]}, "geometry": {"type": "Polygon", "coordinates": [[[120.366618, 23.607814], [120.379777, 23.609873], [120.386576, 23.620993], [120.402586, 23.626965], [120.414429, 23.622229], [120.405218, 23.607196], [120.414649, 23.60143], [120.427589, 23.604725], [120.426273, 23.592575], [120.447547, 23.594017], [120.4561, 23.582485], [120.441844, 23.584338], [120.403244, 23.570542], [120.399735, 23.562099], [120.387453, 23.565393], [120.369688, 23.58125], [120.372539, 23.594223], [120.360258, 23.596076], [120.366618, 23.607814]]]}}, {"type": "Feature", "properties": {"TOWNSN": "10010002", "TOWNID": "1001004", "COUNTYNAME": "嘉義縣", "TOWNNAME": "大林鎮", "FULLNAME": "嘉義縣大林鎮", "name": "大林鎮", "centroid": [120.4719, 23.5977]}, "geometry": {"type": "Polygon", "coordinates": [[[120.468601, 23.63026], [120.505885, 23.63376], [120.506324, 23.626141], [120.5333, 23.5969], [120.524747, 23.585574], [120.5333, 23.570953], [120.531546, 23.560657], [120.516413, 23.551596], [120.502157, 23.564158], [120.483734, 23.566217], [120.469917, 23.580838], [120.4561, 23.582485], [120.447547, 23.594017], [120.426273, 23.592575], [120.427589, 23.604725], [120.414649, 23.60143], [120.405218, 23.607196], [120.414429, 23.622229], [120.430001, 23.618316], [120.444476, 23.630466], [120.468601, 23.63026]]]}}, {"type": "Feature", "properties": {"TOWNSN": "10010003", "TOWNID": "1001007", "COUNTYNAME": "嘉義縣", "TOWNNAME": "新港鄉", "FULLNAME": "嘉義縣新港鄉", "name": "新港鄉", "centroid": [120.3551, 23.547]}, "geometry": {"type": "Polygon", "coordinates": [[[120.335255, 23.592987], [120.360258, 23.596076], [120.372539, 23.594223], [120.369688, 23.58125], [120.387453, 23.565393], [120.3789, 23.555921], [120.375829, 23.534299], [120.399954, 23.529563], [120.398858, 23.514324], [120.388769, 23.515972], [120.379996, 23.51453], [120.371224, 23.501969], [120.364205, 23.513912], [120.351046, 23.505058], [120.326044, 23.505881], [120.305647, 23.512883], [120.310472, 23.54686], [120.305866, 23.562922], [120.306524, 23.571983], [120.332623, 23.578161], [120.335255, 23.592987]]]}}, {"type": "Feature", "properties": {"TOWNSN": "10010004", "TOWNID": "1001015", "COUNTYNAME": "嘉義縣", "TOWNNAME": "梅山鄉", "FULLNAME": "嘉義縣梅山鄉", "name": "梅山鄉", "centroid": [120.6257, 23.5578]}, "geometry": {"type": "Polygon", "coordinates": [[[120.5333, 23.5969], [120.556548, 23.592781], [120.576726, 23.583515], [120.618835, 23.584133], [120.625414, 23.590722], [120.648662, 23.593193], [120.649759, 23.572807], [120.670594, 23.578367], [120.676296, 23.570542], [120.694061, 23.576307], [120.710949, 23.570747], [120.736171, 23.570542], [120.746698, 23.554274], [120.731784, 23.543977], [120.722573, 23.511853], [120.715555, 23.498468], [120.708756, 23.510206], [120.685069, 23.507735], [120.660725, 23.523591], [120.651294, 23.537594], [120.634406, 23.530592], [120.606772, 23.553244], [120.58813, 23.541712], [120.557206, 23.541506], [120.536809, 23.549331], [120.514658, 23.542948], [120.516413, 23.551596], [120.531546, 23.560657], [120.5333, 23.570953], [120.524747, 23.585574], [120.5333, 23.5969]]]}}, {"type": "Feature", "properties": {"TOWNSN": "10010005", "TOWNID": "1001005", "COUNTYNAME": "嘉義縣", "TOWNNAME": "民雄鄉", "FULLNAME": "嘉義縣民雄鄉", "name": "民雄鄉", "centroid": [120.4414, 23.5403]}, "geometry": {"type": "Polygon", "coordinates": [[[120.387453, 23.565393], [120.399735, 23.562099], [120.403244, 23.570542], [120.441844, 23.584338], [120.4561, 23.582485], [120.469917, 23.580838], [120.483734, 23.566217], [120.502157, 23.564158], [120.516413, 23.551596], [120.514658, 23.542948], [120.506982, 23.547272], [120.498429, 23.534917], [120.495577, 23.519472], [120.483076, 23.505263], [120.464215, 23.499086], [120.456319, 23.515972], [120.435045, 23.517207], [120.428685, 23.509176], [120.408946, 23.506499], [120.393155, 23.506705], [120.388769, 23.515972], [120.398858, 23.514324], [120.399954, 23.529563], [120.375829, 23.534299], [120.3789, 23.555921], [120.387453, 23.565393]]]}}, {"type": "Feature", "properties": {"TOWNSN": "10010006", "TOWNID": "1001008", "COUNTYNAME": "嘉義縣", "TOWNNAME": "六腳鄉", "FULLNAME": "嘉義縣六腳鄉", "name": "六腳鄉", "centroid": [120.267, 23.5152]}, "geometry": {"type": "Polygon", "coordinates": [[[120.277136, 23.543977], [120.290953, 23.551185], [120.289198, 23.561069], [120.305866, 23.562922], [120.310472, 23.54686], [120.305647, 23.512883], [120.326044, 23.505881], [120.30784, 23.47561], [120.290295, 23.478287], [120.284154, 23.490643], [120.261783, 23.485083], [120.251475, 23.469844], [120.245773, 23.475404], [120.226254, 23.469021], [120.215068, 23.500733], [120.20169, 23.511029], [120.222964, 23.504234], [120.239193, 23.507735], [120.247089, 23.516177], [120.242045, 23.541506], [120.255642, 23.546242], [120.26288, 23.534093], [120.27253, 23.53121], [120.277136, 23.543977]]]}}, {"type": "Feature", "properties": {"TOWNSN": "10010007", "TOWNID": "1001014", "COUNTYNAME": "嘉義縣", "TOWNNAME": "竹崎鄉", "FULLNAME": "嘉義縣竹崎鄉", "name": "竹崎鄉", "centroid": [120.5916, 23.5011]}, "geometry": {"type": "Polygon", "coordinates": [[[120.514658, 23.542948], [120.536809, 23.549331], [120.557206, 23.541506], [120.58813, 23.541712], [120.606772, 23.553244], [120.634406, 23.530592], [120.651294, 23.537594], [120.660725, 23.523591], [120.685069, 23.507735], [120.708756, 23.510206], [120.715555, 23.498468], [120.703492, 23.472521], [120.69121, 23.468403], [120.685288, 23.456459], [120.674323, 23.44987], [120.654145, 23.452753], [120.638354, 23.481582], [120.639889, 23.494761], [120.63002, 23.498262], [120.620809, 23.491261], [120.60414, 23.468197], [120.583305, 23.461196], [120.563347, 23.471492], [120.548214, 23.470668], [120.545802, 23.482818], [120.534836, 23.488584], [120.531765, 23.478699], [120.508079, 23.482612], [120.50128, 23.489819], [120.487901, 23.491878], [120.483076, 23.505263], [120.495577, 23.519472], [120.498429, 23.534917], [120.506982, 23.547272], [120.514658, 23.542948]]]}}, {"type": "Feature", "properties": {"TOWNSN": "10010013", "TOWNID": "1001001", "COUNTYNAME": "嘉義縣", "TOWNNAME": "太保市", "FULLNAME": "嘉義縣太保市", "name": "太保市", "centroid": [120.3536, 23.4774]}, "geometry": {"type": "Polygon", "coordinates": [[[120.388769, 23.515972], [120.393155, 23.506705], [120.408946, 23.506499], [120.394471, 23.490849], [120.399296, 23.47108], [120.394252, 23.462431], [120.379119, 23.464696], [120.355652, 23.45893], [120.351704, 23.443898], [120.356091, 23.434425], [120.342054, 23.428865], [120.311569, 23.438132], [120.293146, 23.434425], [120.291391, 23.445545], [120.294681, 23.466756], [120.290295, 23.478287], [120.30784, 23.47561], [120.326044, 23.505881], [120.351046, 23.505058], [120.364205, 23.513912], [120.371224, 23.501969], [120.379996, 23.51453], [120.388769, 23.515972]]]}}, {"type": "Feature", "properties": {"TOWNSN": "10010014", "TOWNID": "1001009", "COUNTYNAME": "嘉義縣", "TOWNNAME": "東石鄉", "FULLNAME": "嘉義縣東石鄉", "name": "東石鄉", "centroid": [120.1691, 23.4725]}, "geometry": {"type": "Polygon", "coordinates": [[[120.182609, 23.509794], [120.20169, 23.511029], [120.215068, 23.500733], [120.226254, 23.469021], [120.226473, 23.463461], [120.206296, 23.452959], [120.207173, 23.424335], [120.199935, 23.418363], [120.188311, 23.422894], [120.160019, 23.40539], [120.148176, 23.415069], [120.146641, 23.437308], [120.154536, 23.447605], [120.144667, 23.459754], [120.144228, 23.47005], [120.155194, 23.491055], [120.124709, 23.488584], [120.119445, 23.496203], [120.119007, 23.514942], [120.124051, 23.520296], [120.145763, 23.520708], [120.166599, 23.517207], [120.182609, 23.509794]]]}}, {"type": "Feature", "properties": {"TOWNSN": "10010015", "TOWNID": "1001018", "COUNTYNAME": "嘉義縣", "TOWNNAME": "阿里山鄉", "FULLNAME": "嘉義縣阿里山鄉", "name": "阿里山鄉", "centroid": [120.7696, 23.4523]}, "geometry": {"type": "Polygon", "coordinates": [[[120.730907, 23.610697], [120.754813, 23.614403], [120.777403, 23.602666], [120.803721, 23.596694], [120.814029, 23.601018], [120.825433, 23.586398], [120.820608, 23.56251], [120.814029, 23.556127], [120.808765, 23.535946], [120.820389, 23.521532], [120.827188, 23.483024], [120.83947, 23.47108], [120.863376, 23.473551], [120.880482, 23.467579], [120.887281, 23.47561], [120.917767, 23.47561], [120.947375, 23.467167], [120.957683, 23.469433], [120.936628, 23.463667], [120.926978, 23.455842], [120.912942, 23.458519], [120.900441, 23.453988], [120.887062, 23.435249], [120.849559, 23.420217], [120.849339, 23.41198], [120.821266, 23.370589], [120.804598, 23.370795], [120.783105, 23.342171], [120.768849, 23.343819], [120.748233, 23.321991], [120.730249, 23.311077], [120.712045, 23.308606], [120.703711, 23.300369], [120.703492, 23.289249], [120.693623, 23.284512], [120.658093, 23.295838], [120.651952, 23.291102], [120.658312, 23.31293], [120.656558, 23.33517], [120.662918, 23.342789], [120.64625, 23.367088], [120.641863, 23.376561], [120.646908, 23.401478], [120.655461, 23.401889], [120.663137, 23.42104], [120.674323, 23.436073], [120.674323, 23.44987], [120.685288, 23.456459], [120.69121, 23.468403], [120.703492, 23.472521], [120.715555, 23.498468], [120.722573, 23.511853], [120.731784, 23.543977], [120.746698, 23.554274], [120.736171, 23.570542], [120.732661, 23.597312], [120.724766, 23.603695], [120.730907, 23.610697]]]}}, {"type": "Feature", "properties": {"TOWNSN": "10010016", "TOWNID": "1001002", "COUNTYNAME": "嘉義縣", "TOWNNAME": "朴子市", "FULLNAME": "嘉義縣朴子市", "name": "朴子市", "centroid": [120.2531, 23.4475]}, "geometry": {"type": "Polygon", "coordinates": [[[120.226254, 23.469021], [120.245773, 23.475404], [120.251475, 23.469844], [120.261783, 23.485083], [120.284154, 23.490643], [120.290295, 23.478287], [120.294681, 23.466756], [120.291391, 23.445545], [120.269679, 23.447811], [120.269679, 23.430925], [120.283277, 23.426394], [120.259809, 23.403949], [120.258055, 23.394682], [120.235684, 23.407655], [120.237658, 23.416304], [120.223183, 23.420011], [120.22099, 23.435249], [120.206296, 23.452959], [120.226473, 23.463461], [120.226254, 23.469021]]]}}, {"type": "Feature", "properties": {"TOWNSN": "10010018", "TOWNID": "1001012", "COUNTYNAME": "嘉義縣", "TOWNNAME": "水上鄉", "FULLNAME": "嘉義縣水上鄉", "name": "水上鄉", "centroid": [120.4258, 23.4282]}, "geometry": {"type": "Polygon", "coordinates": [[[120.394252, 23.462431], [120.411359, 23.464696], [120.429343, 23.46099], [120.439432, 23.439574], [120.457197, 23.427012], [120.473207, 23.442045], [120.485927, 23.438956], [120.492946, 23.426394], [120.479129, 23.421452], [120.498429, 23.399006], [120.495139, 23.393241], [120.479567, 23.387475], [120.473426, 23.398183], [120.438116, 23.413421], [120.43044, 23.406626], [120.408069, 23.413421], [120.386795, 23.404772], [120.355871, 23.401683], [120.35302, 23.41198], [120.356091, 23.434425], [120.351704, 23.443898], [120.355652, 23.45893], [120.379119, 23.464696], [120.394252, 23.462431]]]}}, {"type": "Feature", "properties": {"TOWNSN": "10010020", "TOWNID": "1001016", "COUNTYNAME": "嘉義縣", "TOWNNAME": "番路鄉", "FULLNAME": "嘉義縣番路鄉", "name": "番路鄉", "centroid": [120.5918, 23.4364]}, "geometry": {"type": "Polygon", "coordinates": [[[120.50128, 23.489819], [120.508079, 23.482612], [120.531765, 23.478699], [120.534836, 23.488584], [120.545802, 23.482818], [120.548214, 23.470668], [120.563347, 23.471492], [120.583305, 23.461196], [120.60414, 23.468197], [120.620809, 23.491261], [120.63002, 23.498262], [120.639889, 23.494761], [120.638354, 23.481582], [120.654145, 23.452753], [120.674323, 23.44987], [120.674323, 23.436073], [120.663137, 23.42104], [120.655461, 23.401889], [120.646908, 23.401478], [120.641863, 23.376561], [120.64625, 23.367088], [120.634845, 23.352879], [120.631994, 23.341142], [120.620151, 23.3397], [120.598438, 23.346908], [120.587034, 23.361734], [120.59778, 23.370589], [120.604798, 23.395712], [120.601289, 23.424747], [120.592736, 23.43875], [120.566198, 23.450488], [120.542731, 23.45337], [120.515974, 23.449664], [120.495358, 23.452959], [120.509395, 23.474375], [120.50128, 23.489819]]]}}, {"type": "Feature", "properties": {"TOWNSN": "10010021", "TOWNID": "1001011", "COUNTYNAME": "嘉義縣", "TOWNNAME": "鹿草鄉", "FULLNAME": "嘉義縣鹿草鄉", "name": "鹿草鄉", "centroid": [120.3027, 23.4093]}, "geometry": {"type": "Polygon", "coordinates": [[[120.291391, 23.445545], [120.293146, 23.434425], [120.311569, 23.438132], [120.342054, 23.428865], [120.356091, 23.434425], [120.35302, 23.41198], [120.355871, 23.401683], [120.349511, 23.401272], [120.33372, 23.385827], [120.311349, 23.386033], [120.310911, 23.375325], [120.292707, 23.375325], [120.284592, 23.363381], [120.268582, 23.375531], [120.269679, 23.387886], [120.258055, 23.394682], [120.259809, 23.403949], [120.283277, 23.426394], [120.269679, 23.430925], [120.269679, 23.447811], [120.291391, 23.445545]]]}}, {"type": "Feature", "properties": {"TOWNSN": "10010023", "TOWNID": "1001013", "COUNTYNAME": "嘉義縣", "TOWNNAME": "中埔鄉", "FULLNAME": "嘉義縣中埔鄉", "name": "中埔鄉", "centroid": [120.5181, 23.4086]}, "geometry": {"type": "Polygon", "coordinates": [[[120.495358, 23.452959], [120.515974, 23.449664], [120.542731, 23.45337], [120.566198, 23.450488], [120.592736, 23.43875], [120.601289, 23.424747], [120.604798, 23.395712], [120.59778, 23.370589], [120.587034, 23.361734], [120.574752, 23.363176], [120.556987, 23.346908], [120.533739, 23.336405], [120.515535, 23.343613], [120.504789, 23.368941], [120.494262, 23.369559], [120.484392, 23.379444], [120.499306, 23.387886], [120.495139, 23.393241], [120.498429, 23.399006], [120.479129, 23.421452], [120.492946, 23.426394], [120.485927, 23.438956], [120.473207, 23.442045], [120.457197, 23.427012], [120.439432, 23.439574], [120.452591, 23.444516], [120.468601, 23.461607], [120.495358, 23.452959]]]}}, {"type": "Feature", "properties": {"TOWNSN": "10010024", "TOWNID": "1001003", "COUNTYNAME": "嘉義縣", "TOWNNAME": "布袋鎮", "FULLNAME": "嘉義縣布袋鎮", "name": "布袋鎮", "centroid": [120.1872, 23.3907]}, "geometry": {"type": "Polygon", "coordinates": [[[120.206296, 23.452959], [120.22099, 23.435249], [120.223183, 23.420011], [120.237658, 23.416304], [120.235684, 23.407655], [120.219455, 23.377796], [120.207831, 23.380061], [120.189627, 23.36194], [120.17603, 23.341759], [120.180416, 23.322197], [120.162651, 23.310047], [120.118129, 23.340112], [120.122954, 23.354527], [120.147299, 23.384592], [120.157826, 23.38315], [120.163748, 23.393035], [120.160019, 23.40539], [120.188311, 23.422894], [120.199935, 23.418363], [120.207173, 23.424335], [120.206296, 23.452959]]]}}, {"type": "Feature", "properties": {"TOWNSN": "10010025", "TOWNID": "1001010", "COUNTYNAME": "嘉義縣", "TOWNNAME": "義竹鄉", "FULLNAME": "嘉義縣義竹鄉", "name": "義竹鄉", "centroid": [120.2275, 23.3483]}, "geometry": {"type": "Polygon", "coordinates": [[[120.235684, 23.407655], [120.258055, 23.394682], [120.269679, 23.387886], [120.268582, 23.375531], [120.284592, 23.363381], [120.286347, 23.350202], [120.276258, 23.348143], [120.2563, 23.331051], [120.237878, 23.326933], [120.220771, 23.296044], [120.212436, 23.29172], [120.188531, 23.301192], [120.184144, 23.290278], [120.162651, 23.310047], [120.180416, 23.322197], [120.17603, 23.341759], [120.189627, 23.36194], [120.207831, 23.380061], [120.219455, 23.377796], [120.235684, 23.407655]]]}}, {"type": "Feature", "properties": {"TOWNSN": "10010026", "TOWNID": "1001017", "COUNTYNAME": "嘉義縣", "TOWNNAME": "大埔鄉", "FULLNAME": "嘉義縣大埔鄉", "name": "大埔鄉", "centroid": [120.59, 23.291]}, "geometry": {"type": "Polygon", "coordinates": [[[120.587034, 23.361734], [120.598438, 23.346908], [120.620151, 23.3397], [120.631994, 23.341142], [120.634845, 23.352879], [120.64625, 23.367088], [120.662918, 23.342789], [120.656558, 23.33517], [120.658312, 23.31293], [120.651952, 23.291102], [120.642083, 23.293161], [120.642083, 23.256713], [120.648443, 23.248887], [120.653487, 23.224588], [120.628266, 23.229325], [120.609843, 23.222529], [120.597342, 23.228913], [120.578261, 23.214704], [120.565321, 23.220882], [120.554794, 23.217587], [120.541634, 23.227677], [120.526501, 23.230972], [120.519483, 23.239415], [120.531984, 23.255477], [120.520361, 23.271745], [120.521896, 23.287395], [120.526063, 23.292543], [120.522554, 23.311694], [120.540099, 23.327962], [120.533739, 23.336405], [120.556987, 23.346908], [120.574752, 23.363176], [120.587034, 23.361734]]]}}, {"type": "Feature", "properties": {"TOWNSN": "10020001", "TOWNID": "1002001", "COUNTYNAME": "嘉義市", "TOWNNAME": "東區", "FULLNAME": "嘉義市東區", "name": "東區", "centroid": [120.4623, 23.487]}, "geometry": {"type": "Polygon", "coordinates": [[[120.428685, 23.509176], [120.435045, 23.517207], [120.456319, 23.515972], [120.464215, 23.499086], [120.483076, 23.505263], [120.487901, 23.491878], [120.50128, 23.489819], [120.509395, 23.474375], [120.495358, 23.452959], [120.468601, 23.461607], [120.452591, 23.444516], [120.44645, 23.456459], [120.453468, 23.467579], [120.449959, 23.489819], [120.436142, 23.506911], [120.428685, 23.509176]]]}}, {"type": "Feature", "properties": {"TOWNSN": "10020002", "TOWNID": "1002002", "COUNTYNAME": "嘉義市", "TOWNNAME": "西區", "FULLNAME": "嘉義市西區", "name": "西區", "centroid": [120.4252, 23.4769]}, "geometry": {"type": "Polygon", "coordinates": [[[120.408946, 23.506499], [120.428685, 23.509176], [120.436142, 23.506911], [120.449959, 23.489819], [120.453468, 23.467579], [120.44645, 23.456459], [120.452591, 23.444516], [120.439432, 23.439574], [120.429343, 23.46099], [120.411359, 23.464696], [120.394252, 23.462431], [120.399296, 23.47108], [120.394471, 23.490849], [120.408946, 23.506499]]]}}, {"type": "Feature", "properties": {"TOWNSN": "10007001", "TOWNID": "1000705", "COUNTYNAME": "彰化縣", "TOWNNAME": "伸港鄉", "FULLNAME": "彰化縣伸港鄉", "name": "伸港鄉", "centroid": [120.4833, 24.1639]}, "geometry": {"type": "Polygon", "coordinates": [[[120.485927, 24.197376], [120.50435, 24.190992], [120.512684, 24.176989], [120.519703, 24.161545], [120.509395, 24.155161], [120.50106, 24.132098], [120.48198, 24.140129], [120.465531, 24.14816], [120.455442, 24.145689], [120.438993, 24.15825], [120.459609, 24.159074], [120.462241, 24.168135], [120.485927, 24.197376]]]}}, {"type": "Feature", "properties": {"TOWNSN": "10007002", "TOWNID": "1000704", "COUNTYNAME": "彰化縣", "TOWNNAME": "線西鄉", "FULLNAME": "彰化縣線西鄉", "name": "線西鄉", "centroid": [120.4529, 24.1331]}, "geometry": {"type": "Polygon", "coordinates": [[[120.438993, 24.15825], [120.455442, 24.145689], [120.465531, 24.14816], [120.48198, 24.140129], [120.486585, 24.123037], [120.477374, 24.102445], [120.467285, 24.106357], [120.45303, 24.126126], [120.402367, 24.123655], [120.413991, 24.131892], [120.438993, 24.15825]]]}}, {"type": "Feature", "properties": {"TOWNSN": "10007003", "TOWNID": "1000703", "COUNTYNAME": "彰化縣", "TOWNNAME": "和美鎮", "FULLNAME": "彰化縣和美鎮", "name": "和美鎮", "centroid": [120.5066, 24.1179]}, "geometry": {"type": "Polygon", "coordinates": [[[120.48198, 24.140129], [120.50106, 24.132098], [120.509395, 24.155161], [120.519703, 24.161545], [120.52365, 24.139511], [120.532642, 24.126332], [120.54953, 24.113976], [120.542073, 24.095031], [120.515755, 24.086177], [120.499745, 24.076292], [120.492726, 24.077322], [120.484392, 24.098944], [120.477374, 24.102445], [120.486585, 24.123037], [120.48198, 24.140129]]]}}, {"type": "Feature", "properties": {"TOWNSN": "10007004", "TOWNID": "1000701", "COUNTYNAME": "彰化縣", "TOWNNAME": "彰化市", "FULLNAME": "彰化縣彰化市", "name": "彰化市", "centroid": [120.5644, 24.0738]}, "geometry": {"type": "Polygon", "coordinates": [[[120.54953, 24.113976], [120.581551, 24.109446], [120.612475, 24.102445], [120.615326, 24.083911], [120.625414, 24.068673], [120.625853, 24.046639], [120.592736, 24.037784], [120.58484, 24.051169], [120.570804, 24.056318], [120.558303, 24.049522], [120.548653, 24.05467], [120.517509, 24.052199], [120.50457, 24.057141], [120.499745, 24.076292], [120.515755, 24.086177], [120.542073, 24.095031], [120.54953, 24.113976]]]}}, {"type": "Feature", "properties": {"TOWNSN": "10007005", "TOWNID": "1000707", "COUNTYNAME": "彰化縣", "TOWNNAME": "秀水鄉", "FULLNAME": "彰化縣秀水鄉", "name": "秀水鄉", "centroid": [120.5017, 24.0378]}, "geometry": {"type": "Polygon", "coordinates": [[[120.492726, 24.077322], [120.499745, 24.076292], [120.50457, 24.057141], [120.517509, 24.052199], [120.526501, 24.018633], [120.534836, 24.012867], [120.526721, 24.000924], [120.505666, 23.990834], [120.4947, 24.005866], [120.49492, 24.016162], [120.482199, 24.024811], [120.490533, 24.030165], [120.479786, 24.054052], [120.482418, 24.072174], [120.492726, 24.077322]]]}}, {"type": "Feature", "properties": {"TOWNSN": "10007006", "TOWNID": "1000708", "COUNTYNAME": "彰化縣", "TOWNNAME": "花壇鄉", "FULLNAME": "彰化縣花壇鄉", "name": "花壇鄉", "centroid": [120.5587, 24.034]}, "geometry": {"type": "Polygon", "coordinates": [[[120.517509, 24.052199], [120.548653, 24.05467], [120.558303, 24.049522], [120.570804, 24.056318], [120.58484, 24.051169], [120.592736, 24.037784], [120.605237, 24.009573], [120.593613, 24.011014], [120.554355, 24.002571], [120.534836, 24.012867], [120.526501, 24.018633], [120.517509, 24.052199]]]}}, {"type": "Feature", "properties": {"TOWNSN": "10007007", "TOWNID": "1000706", "COUNTYNAME": "彰化縣", "TOWNNAME": "福興鄉", "FULLNAME": "彰化縣福興鄉", "name": "福興鄉", "centroid": [120.4411, 24.0239]}, "geometry": {"type": "Polygon", "coordinates": [[[120.374075, 24.040049], [120.405657, 24.057759], [120.421667, 24.053229], [120.467285, 24.051787], [120.479786, 24.054052], [120.490533, 24.030165], [120.482199, 24.024811], [120.49492, 24.016162], [120.4947, 24.005866], [120.486366, 24.011014], [120.462899, 24.012456], [120.446889, 24.023781], [120.435484, 24.022752], [120.427808, 24.013691], [120.424957, 23.993716], [120.412675, 23.996393], [120.408727, 23.998659], [120.389646, 24.007719], [120.374075, 24.040049]]]}}, {"type": "Feature", "properties": {"TOWNSN": "10007008", "TOWNID": "1000709", "COUNTYNAME": "彰化縣", "TOWNNAME": "芬園鄉", "FULLNAME": "彰化縣芬園鄉", "name": "芬園鄉", "centroid": [120.6329, 24.0043]}, "geometry": {"type": "Polygon", "coordinates": [[[120.592736, 24.037784], [120.625853, 24.046639], [120.625195, 24.029959], [120.644714, 24.025841], [120.6559, 24.030577], [120.678709, 24.014103], [120.672568, 24.005866], [120.642302, 24.008955], [120.637477, 23.993716], [120.649759, 23.985274], [120.646908, 23.963446], [120.635284, 23.952326], [120.629581, 23.956238], [120.615764, 23.984038], [120.608746, 23.990216], [120.605237, 24.009573], [120.592736, 24.037784]]]}}, {"type": "Feature", "properties": {"TOWNSN": "10007009", "TOWNID": "1000714", "COUNTYNAME": "彰化縣", "TOWNNAME": "埔鹽鄉", "FULLNAME": "彰化縣埔鹽鄉", "name": "埔鹽鄉", "centroid": [120.4605, 23.9931]}, "geometry": {"type": "Polygon", "coordinates": [[[120.412675, 23.996393], [120.424957, 23.993716], [120.427808, 24.013691], [120.435484, 24.022752], [120.446889, 24.023781], [120.462899, 24.012456], [120.486366, 24.011014], [120.4947, 24.005866], [120.505666, 23.990834], [120.508737, 23.982597], [120.512246, 23.977654], [120.48505, 23.973124], [120.472988, 23.983626], [120.465531, 23.968182], [120.445134, 23.960151], [120.429343, 23.971271], [120.412675, 23.996393]]]}}, {"type": "Feature", "properties": {"TOWNSN": "10007010", "TOWNID": "1000713", "COUNTYNAME": "彰化縣", "TOWNNAME": "大村鄉", "FULLNAME": "彰化縣大村鄉", "name": "大村鄉", "centroid": [120.5517, 23.994]}, "geometry": {"type": "Polygon", "coordinates": [[[120.534836, 24.012867], [120.554355, 24.002571], [120.593613, 24.011014], [120.605237, 24.009573], [120.608746, 23.990216], [120.575629, 23.975595], [120.562908, 23.980125], [120.547117, 23.975389], [120.514, 23.978066], [120.508737, 23.982597], [120.505666, 23.990834], [120.526721, 24.000924], [120.534836, 24.012867]]]}}, {"type": "Feature", "properties": {"TOWNSN": "10007011", "TOWNID": "1000723", "COUNTYNAME": "彰化縣", "TOWNNAME": "芳苑鄉", "FULLNAME": "彰化縣芳苑鄉", "name": "芳苑鄉", "centroid": [120.3571, 23.9535]}, "geometry": {"type": "Polygon", "coordinates": [[[120.374075, 24.040049], [120.389646, 24.007719], [120.408727, 23.998659], [120.401928, 23.983008], [120.402805, 23.970859], [120.396665, 23.950884], [120.381751, 23.947383], [120.381532, 23.926585], [120.368592, 23.922673], [120.360477, 23.906199], [120.349511, 23.896314], [120.343809, 23.878399], [120.324728, 23.877575], [120.319245, 23.894049], [120.296874, 23.89549], [120.319026, 23.935852], [120.304331, 23.940588], [120.321219, 23.965711], [120.329992, 23.988568], [120.349072, 23.990422], [120.358942, 24.020487], [120.374075, 24.040049]]]}}, {"type": "Feature", "properties": {"TOWNSN": "10007012", "TOWNID": "1000710", "COUNTYNAME": "彰化縣", "TOWNNAME": "員林市", "FULLNAME": "彰化縣員林市", "name": "員林市", "centroid": [120.5909, 23.9558]}, "geometry": {"type": "Polygon", "coordinates": [[[120.629581, 23.956238], [120.635284, 23.936675], [120.628266, 23.931527], [120.601728, 23.93544], [120.581112, 23.92329], [120.57541, 23.933175], [120.561593, 23.937911], [120.563347, 23.957268], [120.547117, 23.96324], [120.547117, 23.975389], [120.562908, 23.980125], [120.575629, 23.975595], [120.608746, 23.990216], [120.615764, 23.984038], [120.629581, 23.956238]]]}}, {"type": "Feature", "properties": {"TOWNSN": "10007013", "TOWNID": "1000715", "COUNTYNAME": "彰化縣", "TOWNNAME": "埔心鄉", "FULLNAME": "彰化縣埔心鄉", "name": "埔心鄉", "centroid": [120.5299, 23.9597]}, "geometry": {"type": "Polygon", "coordinates": [[[120.512246, 23.977654], [120.508737, 23.982597], [120.514, 23.978066], [120.547117, 23.975389], [120.547117, 23.96324], [120.563347, 23.957268], [120.561593, 23.937911], [120.537029, 23.929468], [120.532423, 23.936469], [120.508079, 23.935028], [120.515316, 23.965299], [120.512246, 23.977654]]]}}, {"type": "Feature", "properties": {"TOWNSN": "10007014", "TOWNID": "1000711", "COUNTYNAME": "彰化縣", "TOWNNAME": "溪湖鎮", "FULLNAME": "彰化縣溪湖鎮", "name": "溪湖鎮", "centroid": [120.484, 23.9549]}, "geometry": {"type": "Polygon", "coordinates": [[[120.512246, 23.977654], [120.515316, 23.965299], [120.508079, 23.935028], [120.494481, 23.925144], [120.474961, 23.922055], [120.466847, 23.931321], [120.455661, 23.93997], [120.445134, 23.960151], [120.465531, 23.968182], [120.472988, 23.983626], [120.48505, 23.973124], [120.512246, 23.977654]]]}}, {"type": "Feature", "properties": {"TOWNSN": "10007015", "TOWNID": "1000720", "COUNTYNAME": "彰化縣", "TOWNNAME": "二林鎮", "FULLNAME": "彰化縣二林鎮", "name": "二林鎮", "centroid": [120.4051, 23.9225]}, "geometry": {"type": "Polygon", "coordinates": [[[120.408727, 23.998659], [120.412675, 23.996393], [120.429343, 23.971271], [120.445134, 23.960151], [120.455661, 23.93997], [120.466847, 23.931321], [120.445792, 23.930292], [120.447547, 23.915671], [120.441186, 23.894667], [120.446889, 23.891578], [120.442283, 23.874486], [120.421009, 23.885812], [120.40127, 23.884782], [120.399735, 23.86419], [120.371224, 23.86316], [120.365521, 23.853276], [120.341835, 23.87078], [120.343809, 23.878399], [120.349511, 23.896314], [120.360477, 23.906199], [120.368592, 23.922673], [120.381532, 23.926585], [120.381751, 23.947383], [120.396665, 23.950884], [120.402805, 23.970859], [120.401928, 23.983008], [120.408727, 23.998659]]]}}, {"type": "Feature", "properties": {"TOWNSN": "10007016", "TOWNID": "1000716", "COUNTYNAME": "彰化縣", "TOWNNAME": "永靖鄉", "FULLNAME": "彰化縣永靖鄉", "name": "永靖鄉", "centroid": [120.542, 23.923]}, "geometry": {"type": "Polygon", "coordinates": [[[120.561593, 23.937911], [120.57541, 23.933175], [120.577164, 23.914436], [120.564444, 23.903316], [120.537906, 23.901874], [120.538783, 23.907434], [120.515535, 23.913406], [120.494481, 23.925144], [120.508079, 23.935028], [120.532423, 23.936469], [120.537029, 23.929468], [120.561593, 23.937911]]]}}, {"type": "Feature", "properties": {"TOWNSN": "10007017", "TOWNID": "1000717", "COUNTYNAME": "彰化縣", "TOWNNAME": "社頭鄉", "FULLNAME": "彰化縣社頭鄉", "name": "社頭鄉", "centroid": [120.595, 23.9086]}, "geometry": {"type": "Polygon", "coordinates": [[[120.57541, 23.933175], [120.581112, 23.92329], [120.601728, 23.93544], [120.628266, 23.931527], [120.637258, 23.924526], [120.629362, 23.889107], [120.624756, 23.876957], [120.592736, 23.882723], [120.579357, 23.87531], [120.568172, 23.888695], [120.564444, 23.903316], [120.577164, 23.914436], [120.57541, 23.933175]]]}}, {"type": "Feature", "properties": {"TOWNSN": "10007018", "TOWNID": "1000721", "COUNTYNAME": "彰化縣", "TOWNNAME": "田尾鄉", "FULLNAME": "彰化縣田尾鄉", "name": "田尾鄉", "centroid": [120.5241, 23.9003]}, "geometry": {"type": "Polygon", "coordinates": [[[120.474961, 23.922055], [120.494481, 23.925144], [120.515535, 23.913406], [120.538783, 23.907434], [120.537906, 23.901874], [120.564444, 23.903316], [120.568172, 23.888695], [120.560057, 23.886018], [120.555013, 23.869956], [120.544705, 23.882723], [120.525624, 23.882517], [120.499964, 23.894873], [120.482418, 23.903727], [120.474961, 23.922055]]]}}, {"type": "Feature", "properties": {"TOWNSN": "10007019", "TOWNID": "1000722", "COUNTYNAME": "彰化縣", "TOWNNAME": "埤頭鄉", "FULLNAME": "彰化縣埤頭鄉", "name": "埤頭鄉", "centroid": [120.4686, 23.8908]}, "geometry": {"type": "Polygon", "coordinates": [[[120.466847, 23.931321], [120.474961, 23.922055], [120.482418, 23.903727], [120.499964, 23.894873], [120.499745, 23.882517], [120.507421, 23.870985], [120.486366, 23.867897], [120.486147, 23.856365], [120.458951, 23.835155], [120.444695, 23.849981], [120.442283, 23.874486], [120.446889, 23.891578], [120.441186, 23.894667], [120.447547, 23.915671], [120.445792, 23.930292], [120.466847, 23.931321]]]}}, {"type": "Feature", "properties": {"TOWNSN": "10007024", "TOWNID": "1000719", "COUNTYNAME": "彰化縣", "TOWNNAME": "北斗鎮", "FULLNAME": "彰化縣北斗鎮", "name": "北斗鎮", "centroid": [120.5299, 23.8679]}, "geometry": {"type": "Polygon", "coordinates": [[[120.507421, 23.870985], [120.499745, 23.882517], [120.499964, 23.894873], [120.525624, 23.882517], [120.544705, 23.882723], [120.555013, 23.869956], [120.571901, 23.851217], [120.562689, 23.843186], [120.538783, 23.85204], [120.527159, 23.849569], [120.518606, 23.86419], [120.507421, 23.870985]]]}}, {"type": "Feature", "properties": {"TOWNSN": "10007027", "TOWNID": "1000724", "COUNTYNAME": "彰化縣", "TOWNNAME": "大城鄉", "FULLNAME": "彰化縣大城鄉", "name": "大城鄉", "centroid": [120.3119, 23.8581]}, "geometry": {"type": "Polygon", "coordinates": [[[120.296874, 23.89549], [120.319245, 23.894049], [120.324728, 23.877575], [120.343809, 23.878399], [120.341835, 23.87078], [120.365521, 23.853276], [120.375171, 23.828565], [120.350608, 23.822181], [120.316394, 23.819916], [120.302138, 23.821769], [120.255204, 23.834125], [120.242264, 23.842362], [120.260467, 23.861925], [120.287444, 23.875516], [120.296874, 23.89549]]]}}, {"type": "Feature", "properties": {"TOWNSN": "10007028", "TOWNID": "1000712", "COUNTYNAME": "彰化縣", "TOWNNAME": "田中鎮", "FULLNAME": "彰化縣田中鎮", "name": "田中鎮", "centroid": [120.5889, 23.8602]}, "geometry": {"type": "Polygon", "coordinates": [[[120.568172, 23.888695], [120.579357, 23.87531], [120.592736, 23.882723], [120.624756, 23.876957], [120.620151, 23.865631], [120.625853, 23.852658], [120.615764, 23.840715], [120.605456, 23.834743], [120.602825, 23.819916], [120.580673, 23.826094], [120.562689, 23.843186], [120.571901, 23.851217], [120.555013, 23.869956], [120.560057, 23.886018], [120.568172, 23.888695]]]}}, {"type": "Feature", "properties": {"TOWNSN": "10007029", "TOWNID": "1000725", "COUNTYNAME": "彰化縣", "TOWNNAME": "竹塘鄉", "FULLNAME": "彰化縣竹塘鄉", "name": "竹塘鄉", "centroid": [120.4191, 23.8506]}, "geometry": {"type": "Polygon", "coordinates": [[[120.442283, 23.874486], [120.444695, 23.849981], [120.458951, 23.835155], [120.455442, 23.816621], [120.447327, 23.82074], [120.433072, 23.830212], [120.409604, 23.8263], [120.375171, 23.828565], [120.365521, 23.853276], [120.371224, 23.86316], [120.399735, 23.86419], [120.40127, 23.884782], [120.421009, 23.885812], [120.442283, 23.874486]]]}}, {"type": "Feature", "properties": {"TOWNSN": "10007030", "TOWNID": "1000726", "COUNTYNAME": "彰化縣", "TOWNNAME": "溪州鄉", "FULLNAME": "彰化縣溪州鄉", "name": "溪州鄉", "centroid": [120.5262, 23.8339]}, "geometry": {"type": "Polygon", "coordinates": [[[120.507421, 23.870985], [120.518606, 23.86419], [120.527159, 23.849569], [120.538783, 23.85204], [120.562689, 23.843186], [120.580673, 23.826094], [120.602825, 23.819916], [120.58177, 23.802619], [120.583744, 23.793352], [120.550846, 23.801177], [120.513342, 23.799941], [120.483076, 23.806531], [120.455442, 23.816621], [120.458951, 23.835155], [120.486147, 23.856365], [120.486366, 23.867897], [120.507421, 23.870985]]]}}, {"type": "Feature", "properties": {"TOWNSN": "10007031", "TOWNID": "1000718", "COUNTYNAME": "彰化縣", "TOWNNAME": "二水鄉", "FULLNAME": "彰化縣二水鄉", "name": "二水鄉", "centroid": [120.626, 23.8128]}, "geometry": {"type": "Polygon", "coordinates": [[[120.615764, 23.840715], [120.626511, 23.84092], [120.6366, 23.824858], [120.650636, 23.812915], [120.674323, 23.819916], [120.683753, 23.801383], [120.664015, 23.792116], [120.640328, 23.785939], [120.615106, 23.791293], [120.593832, 23.791087], [120.583744, 23.793352], [120.58177, 23.802619], [120.602825, 23.819916], [120.605456, 23.834743], [120.615764, 23.840715]]]}}, {"type": "Feature", "properties": {"TOWNSN": "10007032", "TOWNID": "1000702", "COUNTYNAME": "彰化縣", "TOWNNAME": "鹿港鎮", "FULLNAME": "彰化縣鹿港鎮", "name": "鹿港鎮", "centroid": [120.4338, 24.0902]}, "geometry": {"type": "Polygon", "coordinates": [[[120.402367, 24.123655], [120.45303, 24.126126], [120.467285, 24.106357], [120.477374, 24.102445], [120.484392, 24.098944], [120.492726, 24.077322], [120.482418, 24.072174], [120.479786, 24.054052], [120.467285, 24.051787], [120.421667, 24.053229], [120.405657, 24.057759], [120.378022, 24.057965], [120.377584, 24.076498], [120.396884, 24.085765], [120.426273, 24.084323], [120.436581, 24.12139], [120.417719, 24.12139], [120.412017, 24.103268], [120.394252, 24.106357], [120.402367, 24.123655]]]}}, {"type": "Feature", "properties": {"TOWNSN": "09007289", "TOWNID": "0900702", "COUNTYNAME": "連江縣", "TOWNNAME": "北竿鄉", "FULLNAME": "連江縣北竿鄉", "name": "北竿鄉", "centroid": [119.9882, 26.2158]}, "geometry": {"type": "Polygon", "coordinates": [[[119.977326, 26.198756], [119.970966, 26.201433], [119.976888, 26.219349], [119.988731, 26.223879], [120.000794, 26.236852], [120.01176, 26.23294], [120.011979, 26.220996], [119.978204, 26.20967], [119.977326, 26.198756]]]}}, {"type": "Feature", "properties": {"TOWNSN": "09007290", "TOWNID": "0900701", "COUNTYNAME": "連江縣", "TOWNNAME": "南竿鄉", "FULLNAME": "連江縣南竿鄉", "name": "南竿鄉", "centroid": [119.9535, 26.1571]}, "geometry": {"type": "Polygon", "coordinates": [[[119.973159, 26.166426], [119.970308, 26.163955], [119.96987, 26.163749], [119.969212, 26.163543], [119.967676, 26.156954], [119.947499, 26.141921], [119.931269, 26.136979], [119.914162, 26.14398], [119.929296, 26.160866], [119.942455, 26.153659], [119.954517, 26.16622], [119.973159, 26.166426]]]}}, {"type": "Feature", "properties": {"TOWNSN": "09007291", "TOWNID": "0900703", "COUNTYNAME": "連江縣", "TOWNNAME": "莒光鄉", "FULLNAME": "連江縣莒光鄉", "name": "莒光鄉", "centroid": [119.9393, 25.9728]}, "geometry": {"type": "Polygon", "coordinates": [[[119.934998, 25.969562], [119.931708, 25.98027], [119.954079, 25.977799], [119.9407, 25.966679], [119.934998, 25.969562]]]}}, {"type": "Feature", "properties": {"TOWNSN": "16002", "TOWNID": "1606", "COUNTYNAME": "澎湖縣", "TOWNNAME": "七美鄉", "FULLNAME": "澎湖縣七美鄉", "name": "七美鄉", "centroid": [119.4258, 23.206]}, "geometry": {"type": "Polygon", "coordinates": [[[119.420037, 23.203996], [119.409948, 23.213674], [119.439995, 23.221499], [119.442846, 23.200289], [119.42201, 23.192464], [119.420037, 23.203996]]]}}, {"type": "Feature", "properties": {"TOWNSN": "16003", "TOWNID": "1603", "COUNTYNAME": "澎湖縣", "TOWNNAME": "白沙鄉", "FULLNAME": "澎湖縣白沙鄉", "name": "白沙鄉", "centroid": [119.5842, 23.6459]}, "geometry": {"type": "Polygon", "coordinates": [[[119.544829, 23.64694], [119.55426, 23.657648], [119.555137, 23.668562], [119.582333, 23.677622], [119.597904, 23.674533], [119.608432, 23.662796], [119.611941, 23.650234], [119.600755, 23.647969], [119.602291, 23.628406], [119.613037, 23.620375], [119.612599, 23.606166], [119.612379, 23.606166], [119.589132, 23.625112], [119.59593, 23.634584], [119.571367, 23.662384], [119.564349, 23.652705], [119.554041, 23.65703], [119.544829, 23.64694]]]}}, {"type": "Feature", "properties": {"TOWNSN": "16043", "TOWNID": "1603", "COUNTYNAME": "澎湖縣", "TOWNNAME": "白沙鄉", "FULLNAME": "澎湖縣白沙鄉", "name": "白沙鄉", "centroid": [119.6047, 23.7428]}, "geometry": {"type": "Polygon", "coordinates": [[[119.606238, 23.751343], [119.611721, 23.741871], [119.603387, 23.73178], [119.59593, 23.737546], [119.606238, 23.751343]]]}}, {"type": "Feature", "properties": {"TOWNSN": "16128", "TOWNID": "1605", "COUNTYNAME": "澎湖縣", "TOWNNAME": "望安鄉", "FULLNAME": "澎湖縣望安鄉", "name": "望安鄉", "centroid": [119.4989, 23.3792]}, "geometry": {"type": "Polygon", "coordinates": [[[119.492412, 23.381297], [119.498114, 23.392005], [119.507984, 23.390769], [119.507764, 23.364823], [119.494605, 23.365235], [119.492412, 23.381297]]]}}, {"type": "Feature", "properties": {"TOWNSN": "16134", "TOWNID": "1605", "COUNTYNAME": "澎湖縣", "TOWNNAME": "望安鄉", "FULLNAME": "澎湖縣望安鄉", "name": "望安鄉", "centroid": [119.5312, 23.3682]}, "geometry": {"type": "Polygon", "coordinates": [[[119.523555, 23.366058], [119.537592, 23.374295], [119.540223, 23.366264], [119.523555, 23.366058]]]}}, {"type": "Feature", "properties": {"TOWNSN": "16167", "TOWNID": "1602", "COUNTYNAME": "澎湖縣", "TOWNNAME": "湖西鄉", "FULLNAME": "澎湖縣湖西鄉", "name": "湖西鄉", "centroid": [119.6427, 23.577]}, "geometry": {"type": "Polygon", "coordinates": [[[119.636505, 23.552214], [119.609528, 23.560451], [119.611941, 23.579808], [119.606458, 23.585162], [119.602949, 23.600607], [119.612379, 23.606166], [119.612599, 23.606166], [119.632995, 23.595252], [119.646593, 23.601018], [119.661068, 23.59031], [119.680588, 23.585162], [119.683219, 23.565599], [119.693527, 23.555097], [119.678175, 23.551391], [119.674666, 23.561275], [119.646374, 23.560451], [119.636505, 23.552214]]]}}, {"type": "Feature", "properties": {"TOWNSN": "16190", "TOWNID": "1604", "COUNTYNAME": "澎湖縣", "TOWNNAME": "西嶼鄉", "FULLNAME": "澎湖縣西嶼鄉", "name": "西嶼鄉", "centroid": [119.5173, 23.6134]}, "geometry": {"type": "Polygon", "coordinates": [[[119.544829, 23.64694], [119.540223, 23.634172], [119.517414, 23.626759], [119.523117, 23.601842], [119.512589, 23.59237], [119.515002, 23.564158], [119.497895, 23.568276], [119.503597, 23.588869], [119.491535, 23.598135], [119.508641, 23.613374], [119.500088, 23.618522], [119.511493, 23.647763], [119.531012, 23.639114], [119.544829, 23.64694]]]}}, {"type": "Feature", "properties": {"TOWNSN": "16200", "TOWNID": "1601", "COUNTYNAME": "澎湖縣", "TOWNNAME": "馬公市", "FULLNAME": "澎湖縣馬公市", "name": "馬公市", "centroid": [119.5947, 23.5537]}, "geometry": {"type": "Polygon", "coordinates": [[[119.606458, 23.585162], [119.611941, 23.579808], [119.609528, 23.560451], [119.636505, 23.552214], [119.6058, 23.529357], [119.606238, 23.50794], [119.597027, 23.512677], [119.571805, 23.508558], [119.573999, 23.519884], [119.603168, 23.540271], [119.591763, 23.553244], [119.572902, 23.546242], [119.579701, 23.563334], [119.561936, 23.585368], [119.574437, 23.58475], [119.597246, 23.5691], [119.598343, 23.582897], [119.606458, 23.585162]]]}}, {"type": "Feature", "properties": {"TOWNSN": "09020001", "TOWNID": "0902001", "COUNTYNAME": "金門縣", "TOWNNAME": "金城鎮", "FULLNAME": "金門縣金城鎮", "name": "金城鎮", "centroid": [118.3138, 24.4172]}, "geometry": {"type": "Polygon", "coordinates": [[[118.308527, 24.44119], [118.326073, 24.442838], [118.326511, 24.42101], [118.344276, 24.413597], [118.330459, 24.38868], [118.320151, 24.386003], [118.298439, 24.396711], [118.278042, 24.413597], [118.299535, 24.416274], [118.31072, 24.428629], [118.308527, 24.44119]]]}}, {"type": "Feature", "properties": {"TOWNSN": "09020006", "TOWNID": "0902002", "COUNTYNAME": "金門縣", "TOWNNAME": "金沙鎮", "FULLNAME": "金門縣金沙鎮", "name": "金沙鎮", "centroid": [118.4266, 24.4773]}, "geometry": {"type": "Polygon", "coordinates": [[[118.473017, 24.449839], [118.450207, 24.451487], [118.437048, 24.466519], [118.423231, 24.468784], [118.402396, 24.459724], [118.385289, 24.45993], [118.379367, 24.465901], [118.385728, 24.483199], [118.394939, 24.490818], [118.392307, 24.50894], [118.425205, 24.52562], [118.431565, 24.510175], [118.448234, 24.508528], [118.461831, 24.47558], [118.462709, 24.461989], [118.473017, 24.449839]]]}}, {"type": "Feature", "properties": {"TOWNSN": "09020010", "TOWNID": "0902003", "COUNTYNAME": "金門縣", "TOWNNAME": "金湖鎮", "FULLNAME": "金門縣金湖鎮", "name": "金湖鎮", "centroid": [118.417, 24.4471]}, "geometry": {"type": "Polygon", "coordinates": [[[118.379367, 24.465901], [118.385289, 24.45993], [118.402396, 24.459724], [118.423231, 24.468784], [118.437048, 24.466519], [118.450207, 24.451487], [118.473017, 24.449839], [118.472797, 24.441396], [118.461173, 24.436042], [118.465779, 24.428835], [118.443189, 24.411126], [118.427618, 24.425334], [118.395158, 24.436248], [118.364892, 24.428423], [118.36248, 24.442426], [118.36577, 24.461989], [118.379367, 24.465901]]]}}, {"type": "Feature", "properties": {"TOWNSN": "09020015", "TOWNID": "0902004", "COUNTYNAME": "金門縣", "TOWNNAME": "金寧鄉", "FULLNAME": "金門縣金寧鄉", "name": "金寧鄉", "centroid": [118.3313, 24.4522]}, "geometry": {"type": "Polygon", "coordinates": [[[118.36577, 24.461989], [118.36248, 24.442426], [118.364892, 24.428423], [118.344276, 24.413597], [118.326511, 24.42101], [118.326073, 24.442838], [118.308527, 24.44119], [118.303044, 24.461577], [118.287911, 24.469196], [118.291859, 24.478257], [118.31423, 24.489583], [118.344934, 24.466931], [118.36577, 24.461989]]]}}, {"type": "Feature", "properties": {"TOWNSN": "09020016", "TOWNID": "0902005", "COUNTYNAME": "金門縣", "TOWNNAME": "烈嶼鄉", "FULLNAME": "金門縣烈嶼鄉", "name": "烈嶼鄉", "centroid": [118.2422, 24.4297]}, "geometry": {"type": "Polygon", "coordinates": [[[118.263348, 24.425334], [118.234836, 24.414008], [118.226063, 24.404948], [118.217071, 24.425128], [118.22716, 24.430276], [118.229134, 24.446339], [118.251504, 24.452722], [118.267076, 24.44325], [118.263348, 24.425334]]]}}]}